frame,objeto,confianza,id,matricula
1,car,0.71,1,
1,car,0.63,2,
1,car,0.47,3,
1,car,0.39,4,
1,car,0.29,5,
1,car,0.27,6,
2,car,0.61,1,
2,car,0.53,2,
2,car,0.28,3,
2,car,0.47,4,
2,car,0.20,5,
3,car,0.55,1,
3,car,0.56,2,
3,car,0.25,3,
3,car,0.31,4,
3,car,0.19,5,
4,car,0.67,1,
4,car,0.56,2,
4,car,0.32,3,
4,car,0.37,4,
4,car,0.17,5,
5,car,0.68,1,
5,car,0.57,2,
5,car,0.36,3,
5,car,0.35,4,
5,car,0.18,5,
6,car,0.70,1,
6,car,0.58,2,
6,car,0.39,3,
6,car,0.37,4,
6,car,0.17,5,
6,car,0.30,6,
7,car,0.68,1,
7,car,0.58,2,
7,car,0.37,3,
7,car,0.16,5,
7,car,0.28,6,
8,car,0.71,1,
8,car,0.48,2,
8,car,0.35,3,
8,car,0.23,5,
8,car,0.29,6,
9,car,0.70,1,
9,car,0.64,2,
9,car,0.32,3,
9,car,0.17,5,
9,car,0.13,6,
10,car,0.72,1,
10,car,0.64,2,
10,car,0.33,3,
10,car,0.17,5,
10,car,0.21,6,
10,car,0.36,18,
11,car,0.66,1,
11,car,0.59,2,
11,car,0.31,3,
11,car,0.20,5,
11,car,0.33,6,
11,car,0.42,18,
12,car,0.69,1,
12,car,0.63,2,
12,car,0.35,3,
12,car,0.20,5,
12,car,0.18,6,
12,car,0.39,18,
13,car,0.70,1,
13,car,0.65,2,
13,car,0.36,3,
13,car,0.12,5,
13,car,0.33,6,
13,car,0.36,18,
14,car,0.66,1,
14,car,0.67,2,
14,car,0.31,3,
14,car,0.13,5,
14,car,0.23,6,
14,car,0.39,18,
15,car,0.73,1,
15,car,0.66,2,
15,car,0.32,3,
15,car,0.17,5,
15,car,0.20,6,
15,car,0.38,18,
16,car,0.71,1,
16,car,0.66,2,
16,car,0.34,3,
16,car,0.29,5,
16,car,0.20,6,
16,car,0.37,18,
17,car,0.70,1,
17,car,0.68,2,
17,car,0.34,3,
17,car,0.37,5,
17,car,0.22,6,
17,car,0.41,18,
18,car,0.73,1,
18,car,0.70,2,
18,car,0.35,3,
18,car,0.39,5,
18,car,0.20,6,
18,car,0.40,18,
19,car,0.72,1,
19,car,0.67,2,
19,car,0.34,3,
19,car,0.12,5,
19,car,0.14,6,
19,car,0.40,18,
19,car,0.36,26,
20,car,0.71,1,
20,car,0.71,2,
20,car,0.34,3,
20,car,0.21,5,
20,car,0.20,6,
20,car,0.43,18,
20,car,0.43,26,
21,car,0.71,1,
21,car,0.76,2,
21,car,0.34,3,
21,car,0.22,5,
21,car,0.18,6,
21,car,0.42,18,
21,car,0.43,26,
22,car,0.71,1,
22,car,0.72,2,
22,car,0.34,3,
22,car,0.52,5,
22,car,0.19,6,
22,car,0.41,18,
23,car,0.70,1,
23,car,0.75,2,
23,car,0.36,3,
23,car,0.56,5,
23,car,0.18,6,
23,car,0.42,18,
24,car,0.69,1,
24,car,0.72,2,
24,car,0.35,3,
24,car,0.57,5,
24,car,0.18,6,
24,car,0.41,18,
25,car,0.71,1,
25,car,0.71,2,
25,car,0.32,3,
25,car,0.56,5,
25,car,0.33,6,
25,car,0.41,18,
26,car,0.71,1,
26,car,0.66,2,
26,car,0.31,3,
26,car,0.61,5,
26,car,0.33,6,
26,car,0.41,18,
27,car,0.70,1,
27,car,0.71,2,
27,car,0.30,3,
27,car,0.59,5,
27,car,0.33,6,
27,car,0.43,18,
28,car,0.70,1,
28,car,0.74,2,
28,car,0.29,3,
28,car,0.46,5,
28,car,0.36,6,
28,car,0.44,18,
29,car,0.71,1,
29,car,0.73,2,
29,car,0.26,3,
29,car,0.40,5,
29,car,0.33,6,
29,car,0.42,18,
30,car,0.70,1,
30,car,0.69,2,
30,car,0.27,3,
30,car,0.49,5,
30,car,0.31,6,
30,car,0.41,18,
30,car,0.41,36,
31,car,0.69,1,
31,car,0.73,2,
31,car,0.31,3,
31,car,0.57,5,
31,car,0.32,6,
31,car,0.42,18,
31,car,0.30,36,
32,car,0.67,1,
32,car,0.78,2,
32,car,0.35,3,
32,car,0.50,5,
32,car,0.36,6,
32,car,0.45,18,
32,car,0.27,36,
32,car,0.32,38,
33,car,0.67,1,
33,car,0.75,2,
33,car,0.14,3,
33,car,0.49,5,
33,car,0.30,6,
33,car,0.43,18,
33,car,0.31,36,
33,car,0.35,38,
34,car,0.68,1,
34,car,0.74,2,
34,car,0.13,3,
34,car,0.49,5,
34,car,0.31,6,
34,car,0.41,18,
34,car,0.47,36,
34,car,0.33,38,
35,car,0.67,1,
35,car,0.75,2,
35,car,0.28,3,
35,car,0.51,5,
35,car,0.28,6,
35,car,0.40,18,
35,car,0.34,36,
35,car,0.28,38,
36,car,0.68,1,
36,car,0.77,2,
36,car,0.27,3,
36,car,0.53,5,
36,car,0.20,6,
36,car,0.42,18,
36,car,0.40,36,
36,car,0.27,38,
37,car,0.64,1,
37,car,0.71,2,
37,car,0.14,3,
37,car,0.56,5,
37,car,0.47,18,
37,car,0.33,36,
37,car,0.27,38,
38,car,0.66,1,
38,car,0.78,2,
38,car,0.15,3,
38,car,0.56,5,
38,car,0.43,18,
38,car,0.31,36,
38,car,0.28,38,
39,car,0.68,1,
39,car,0.81,2,
39,car,0.14,3,
39,car,0.57,5,
39,car,0.41,18,
39,car,0.29,36,
40,car,0.65,1,
40,car,0.82,2,
40,car,0.15,3,
40,car,0.63,5,
40,car,0.47,18,
40,car,0.26,36,
40,car,0.29,6,
40,car,0.26,38,
41,car,0.65,1,
41,car,0.77,2,
41,car,0.11,3,
41,car,0.66,5,
41,car,0.45,18,
41,car,0.27,36,
41,car,0.34,6,
41,car,0.27,38,
42,car,0.66,1,
42,car,0.77,2,
42,car,0.13,3,
42,car,0.68,5,
42,car,0.47,18,
42,car,0.29,36,
42,car,0.37,6,
42,car,0.30,38,
43,car,0.64,1,
43,car,0.83,2,
43,car,0.12,3,
43,car,0.63,5,
43,car,0.48,18,
43,car,0.26,36,
43,car,0.36,6,
43,car,0.29,38,
44,car,0.65,1,
44,car,0.77,2,
44,car,0.13,3,
44,car,0.63,5,
44,car,0.48,18,
44,car,0.23,36,
44,car,0.28,6,
44,car,0.31,38,
45,car,0.65,1,
45,car,0.76,2,
45,car,0.18,3,
45,car,0.65,5,
45,car,0.20,36,
45,car,0.49,6,
45,car,0.29,38,
46,car,0.68,1,
46,car,0.77,2,
46,car,0.19,3,
46,car,0.61,5,
46,car,0.23,36,
46,car,0.40,6,
46,car,0.34,38,
46,car,0.50,18,
47,car,0.70,1,
47,car,0.81,2,
47,car,0.15,3,
47,car,0.59,5,
47,car,0.20,6,
47,car,0.31,38,
47,car,0.50,18,
48,car,0.72,1,
48,car,0.78,2,
48,car,0.14,3,
48,car,0.60,5,
48,car,0.42,6,
48,car,0.31,38,
48,car,0.48,18,
49,car,0.72,1,
49,car,0.82,2,
49,car,0.14,3,
49,car,0.69,5,
49,car,0.18,6,
49,car,0.29,38,
49,car,0.52,18,
50,car,0.71,1,
50,car,0.81,2,
50,car,0.12,3,
50,car,0.69,5,
50,car,0.17,6,
50,car,0.29,38,
50,car,0.49,18,
51,car,0.72,1,
51,car,0.85,2,
51,car,0.66,5,
51,car,0.26,38,
51,car,0.48,18,
52,car,0.72,1,
52,car,0.87,2,
52,car,0.72,5,
52,car,0.25,38,
52,car,0.51,18,
53,car,0.71,1,
53,car,0.88,2,
53,car,0.70,5,
53,car,0.26,38,
53,car,0.44,18,
54,car,0.73,1,
54,car,0.81,2,
54,car,0.70,5,
54,car,0.23,38,
54,car,0.35,18,
55,car,0.71,1,
55,car,0.77,2,
55,car,0.73,5,
55,car,0.22,38,
55,car,0.37,18,
55,car,0.44,48,
56,car,0.74,1,
56,car,0.77,2,
56,car,0.71,5,
56,car,0.26,38,
56,car,0.40,18,
56,car,0.46,48,
57,car,0.74,1,
57,car,0.81,2,
57,car,0.71,5,
57,car,0.27,38,
57,car,0.41,18,
57,car,0.45,48,
58,car,0.76,1,
58,car,0.79,2,
58,car,0.70,5,
58,car,0.25,38,
58,car,0.41,18,
58,car,0.45,48,
59,car,0.74,1,
59,car,0.79,2,
59,car,0.65,5,
59,car,0.27,38,
59,car,0.40,18,
59,car,0.46,48,
60,car,0.73,1,
60,car,0.81,2,
60,car,0.63,5,
60,car,0.28,38,
60,car,0.13,18,
60,car,0.49,48,
61,car,0.77,1,
61,car,0.76,2,
61,car,0.62,5,
61,car,0.26,38,
61,car,0.45,18,
61,car,0.49,48,
62,car,0.75,1,
62,car,0.78,2,
62,car,0.57,5,
62,car,0.24,38,
62,car,0.37,18,
62,car,0.44,48,
63,car,0.76,1,
63,car,0.80,2,
63,car,0.65,5,
63,car,0.29,38,
63,car,0.48,18,
63,car,0.48,48,
64,car,0.74,1,
64,car,0.79,2,
64,car,0.62,5,
64,car,0.31,38,
64,car,0.41,18,
64,car,0.47,48,
65,car,0.73,1,
65,car,0.76,2,
65,car,0.61,5,
65,car,0.31,38,
65,car,0.39,18,
65,car,0.46,48,
66,car,0.73,1,
66,car,0.77,2,
66,car,0.64,5,
66,car,0.29,38,
66,car,0.43,18,
66,car,0.48,48,
67,car,0.74,1,
67,car,0.78,2,
67,car,0.59,5,
67,car,0.26,38,
67,car,0.44,18,
67,car,0.50,48,
68,car,0.71,1,
68,car,0.65,2,
68,car,0.50,5,
68,car,0.26,38,
68,car,0.45,18,
68,car,0.49,48,
69,car,0.71,1,
69,car,0.62,2,
69,car,0.51,5,
69,car,0.27,38,
69,car,0.46,18,
69,car,0.50,48,
70,car,0.73,1,
70,car,0.74,2,
70,car,0.57,5,
70,car,0.25,38,
70,car,0.45,18,
70,car,0.48,48,
70,car,0.40,56,
71,car,0.70,1,
71,car,0.67,2,
71,car,0.60,5,
71,car,0.27,38,
71,car,0.41,18,
71,car,0.49,48,
71,car,0.25,56,
72,car,0.71,1,
72,car,0.65,2,
72,car,0.68,5,
72,car,0.27,38,
72,car,0.47,18,
72,car,0.49,48,
72,car,0.31,56,
73,car,0.72,1,
73,car,0.64,2,
73,car,0.65,5,
73,car,0.26,38,
73,car,0.44,18,
73,car,0.47,48,
73,car,0.16,56,
74,car,0.73,1,
74,car,0.70,2,
74,car,0.64,5,
74,car,0.30,38,
74,car,0.43,18,
74,car,0.47,48,
74,car,0.15,56,
75,car,0.76,1,
75,car,0.59,2,
75,car,0.66,5,
75,car,0.27,38,
75,car,0.41,18,
75,car,0.46,48,
75,car,0.11,56,
76,car,0.77,1,
76,car,0.57,2,
76,car,0.59,5,
76,car,0.27,38,
76,car,0.46,18,
76,car,0.48,48,
76,car,0.19,56,
77,car,0.77,1,
77,car,0.79,2,
77,car,0.70,5,
77,car,0.24,38,
77,car,0.42,18,
77,car,0.47,48,
77,car,0.17,56,
78,car,0.75,1,
78,car,0.74,2,
78,car,0.76,5,
78,car,0.23,38,
78,car,0.37,18,
78,car,0.44,48,
78,car,0.14,56,
79,car,0.77,1,
79,car,0.75,2,
79,car,0.75,5,
79,car,0.21,38,
79,car,0.35,18,
79,car,0.45,48,
79,car,0.15,56,
80,car,0.73,1,
80,car,0.78,2,
80,car,0.75,5,
80,car,0.22,38,
80,car,0.34,18,
80,car,0.42,48,
80,car,0.18,56,
81,car,0.77,1,
81,car,0.80,2,
81,car,0.70,5,
81,car,0.22,38,
81,car,0.33,18,
81,car,0.39,48,
81,car,0.16,56,
82,car,0.72,1,
82,car,0.85,2,
82,car,0.72,5,
82,car,0.23,38,
82,car,0.33,18,
82,car,0.40,48,
82,car,0.17,56,
83,car,0.72,1,
83,car,0.84,2,
83,car,0.70,5,
83,car,0.22,38,
83,car,0.33,18,
83,car,0.40,48,
83,car,0.17,56,
84,car,0.73,1,
84,car,0.83,2,
84,car,0.71,5,
84,car,0.23,38,
84,car,0.31,18,
84,car,0.38,48,
84,car,0.21,56,
85,car,0.73,1,
85,car,0.78,2,
85,car,0.71,5,
85,car,0.23,38,
85,car,0.29,18,
85,car,0.36,48,
85,car,0.13,56,
86,car,0.70,1,
86,car,0.78,2,
86,car,0.67,5,
86,car,0.21,38,
86,car,0.29,18,
86,car,0.34,48,
86,car,0.17,56,
87,car,0.73,1,
87,car,0.83,2,
87,car,0.77,5,
87,car,0.22,38,
87,car,0.29,18,
87,car,0.36,48,
87,car,0.17,56,
88,car,0.76,1,
88,car,0.84,2,
88,car,0.73,5,
88,car,0.26,38,
88,car,0.21,18,
88,car,0.36,48,
88,car,0.19,56,
89,car,0.79,1,
89,car,0.86,2,
89,car,0.80,5,
89,car,0.28,38,
89,car,0.25,18,
89,car,0.39,48,
89,car,0.16,56,
90,car,0.79,1,
90,car,0.87,2,
90,car,0.80,5,
90,car,0.26,38,
90,car,0.26,18,
90,car,0.39,48,
90,car,0.15,56,
91,car,0.77,1,
91,car,0.88,2,
91,car,0.87,5,
91,car,0.20,38,
91,car,0.26,18,
91,car,0.40,48,
91,car,0.23,56,
92,car,0.78,1,
92,car,0.87,2,
92,car,0.86,5,
92,car,0.19,38,
92,car,0.25,18,
92,car,0.38,48,
92,car,0.27,56,
93,car,0.78,1,
93,car,0.87,2,
93,car,0.85,5,
93,car,0.18,38,
93,car,0.29,18,
93,car,0.41,48,
93,car,0.27,56,
94,car,0.77,1,
94,car,0.88,2,
94,car,0.85,5,
94,car,0.10,38,
94,car,0.31,18,
94,car,0.40,48,
94,car,0.31,56,
95,car,0.78,1,
95,car,0.88,2,
95,car,0.84,5,
95,car,0.19,38,
95,car,0.30,18,
95,car,0.42,48,
95,car,0.30,56,
96,car,0.76,1,
96,car,0.89,2,
96,car,0.78,5,
96,car,0.25,38,
96,car,0.29,18,
96,car,0.42,48,
96,car,0.30,56,
97,car,0.76,1,
97,car,0.89,2,
97,car,0.83,5,
97,car,0.16,38,
97,car,0.36,18,
97,car,0.46,48,
97,car,0.23,56,
98,car,0.76,1,
98,car,0.89,2,
98,car,0.84,5,
98,car,0.12,38,
98,car,0.36,18,
98,car,0.46,48,
98,car,0.25,56,
99,car,0.76,1,
99,car,0.88,2,
99,car,0.84,5,
99,car,0.15,38,
99,car,0.36,18,
99,car,0.45,48,
99,car,0.28,56,
100,car,0.76,1,
100,car,0.88,2,
100,car,0.81,5,
100,car,0.20,38,
100,car,0.35,18,
100,car,0.44,48,
100,car,0.29,56,
101,car,0.75,1,
101,car,0.88,2,
101,car,0.81,5,
101,car,0.36,18,
101,car,0.46,48,
101,car,0.31,56,
102,car,0.78,1,
102,car,0.89,2,
102,car,0.82,5,
102,car,0.39,18,
102,car,0.46,48,
102,car,0.29,56,
103,car,0.79,1,
103,car,0.88,2,
103,car,0.85,5,
103,car,0.39,18,
103,car,0.46,48,
103,car,0.30,56,
103,car,0.26,38,
104,car,0.79,1,
104,car,0.87,2,
104,car,0.84,5,
104,car,0.35,18,
104,car,0.42,48,
104,car,0.29,56,
104,car,0.21,38,
105,car,0.79,1,
105,car,0.88,2,
105,car,0.82,5,
105,car,0.21,18,
105,car,0.46,48,
105,car,0.27,56,
105,car,0.18,38,
106,car,0.79,1,
106,car,0.88,2,
106,car,0.87,5,
106,car,0.32,18,
106,car,0.45,48,
106,car,0.26,56,
106,car,0.12,38,
107,car,0.80,1,
107,car,0.91,2,
107,car,0.91,5,
107,car,0.32,18,
107,car,0.45,48,
107,car,0.26,56,
107,car,0.47,38,
108,car,0.79,1,
108,car,0.91,2,
108,car,0.89,5,
108,car,0.38,18,
108,car,0.44,48,
108,car,0.28,56,
108,car,0.52,38,
109,car,0.80,1,
109,car,0.86,2,
109,car,0.84,5,
109,car,0.39,18,
109,car,0.45,48,
109,car,0.29,56,
109,car,0.59,38,
110,car,0.79,1,
110,car,0.88,2,
110,car,0.75,5,
110,car,0.34,18,
110,car,0.47,48,
110,car,0.30,56,
110,car,0.60,38,
111,car,0.79,1,
111,car,0.90,2,
111,car,0.69,5,
111,car,0.31,18,
111,car,0.42,48,
111,car,0.29,56,
111,car,0.58,38,
112,car,0.79,1,
112,car,0.90,2,
112,car,0.66,5,
112,car,0.11,18,
112,car,0.39,48,
112,car,0.31,56,
112,car,0.54,38,
113,car,0.77,1,
113,car,0.90,2,
113,car,0.81,5,
113,car,0.12,18,
113,car,0.40,48,
113,car,0.31,56,
113,car,0.54,38,
114,car,0.78,1,
114,car,0.90,2,
114,car,0.80,5,
114,car,0.23,18,
114,car,0.40,48,
114,car,0.27,56,
114,car,0.37,38,
115,car,0.78,1,
115,car,0.92,2,
115,car,0.75,5,
115,car,0.19,18,
115,car,0.39,48,
115,car,0.27,56,
115,car,0.38,38,
116,car,0.78,1,
116,car,0.93,2,
116,car,0.68,5,
116,car,0.25,18,
116,car,0.41,48,
116,car,0.24,56,
116,car,0.34,38,
117,car,0.75,1,
117,car,0.92,2,
117,car,0.79,5,
117,car,0.18,18,
117,car,0.43,48,
117,car,0.23,56,
117,car,0.27,38,
118,car,0.74,1,
118,car,0.93,2,
118,car,0.82,5,
118,car,0.16,18,
118,car,0.44,48,
118,car,0.19,56,
118,car,0.31,38,
119,car,0.72,1,
119,car,0.89,2,
119,car,0.78,5,
119,car,0.18,18,
119,car,0.48,48,
119,car,0.17,56,
119,car,0.23,38,
120,car,0.73,1,
120,car,0.91,2,
120,car,0.82,5,
120,car,0.54,48,
120,car,0.16,56,
120,car,0.19,38,
121,car,0.74,1,
121,car,0.93,2,
121,car,0.80,5,
121,car,0.46,48,
121,car,0.19,56,
121,car,0.35,38,
122,car,0.73,1,
122,car,0.93,2,
122,car,0.84,5,
122,car,0.48,48,
122,car,0.16,56,
122,car,0.23,38,
123,car,0.74,1,
123,car,0.94,2,
123,car,0.82,5,
123,car,0.51,48,
123,car,0.20,56,
123,car,0.23,38,
124,car,0.74,1,
124,car,0.95,2,
124,car,0.81,5,
124,car,0.52,48,
124,car,0.18,56,
124,car,0.20,38,
124,car,0.29,18,
125,car,0.72,1,
125,car,0.94,2,
125,car,0.84,5,
125,car,0.51,48,
125,car,0.16,56,
125,car,0.12,38,
125,car,0.25,18,
126,car,0.73,1,
126,car,0.94,2,
126,car,0.87,5,
126,car,0.51,48,
126,car,0.14,56,
126,car,0.10,38,
126,car,0.33,18,
127,car,0.75,1,
127,car,0.93,2,
127,car,0.86,5,
127,car,0.53,48,
127,car,0.14,56,
127,car,0.25,18,
128,car,0.76,1,
128,car,0.93,2,
128,car,0.91,5,
128,car,0.53,48,
128,car,0.18,56,
128,car,0.26,18,
129,car,0.73,1,
129,car,0.92,2,
129,car,0.85,5,
129,car,0.52,48,
129,car,0.18,56,
129,car,0.24,18,
130,car,0.75,1,
130,car,0.91,2,
130,car,0.83,5,
130,car,0.56,48,
130,car,0.21,56,
130,car,0.26,18,
131,car,0.75,1,
131,car,0.94,2,
131,car,0.84,5,
131,car,0.57,48,
131,car,0.20,56,
131,car,0.24,18,
132,car,0.76,1,
132,car,0.93,2,
132,car,0.84,5,
132,car,0.55,48,
132,car,0.20,56,
132,car,0.20,18,
133,car,0.77,1,
133,car,0.94,2,
133,car,0.76,5,
133,car,0.55,48,
133,car,0.18,56,
133,car,0.22,18,
134,car,0.75,1,
134,car,0.92,2,
134,car,0.82,5,
134,car,0.54,48,
134,car,0.16,56,
134,car,0.21,18,
134,car,0.31,78,
135,car,0.79,1,
135,car,0.93,2,
135,car,0.86,5,
135,car,0.56,48,
135,car,0.16,56,
135,car,0.25,18,
135,car,0.26,78,
136,car,0.79,1,
136,car,0.90,2,
136,car,0.85,5,
136,car,0.55,48,
136,car,0.16,56,
136,car,0.28,18,
136,car,0.32,78,
137,car,0.80,1,
137,car,0.89,2,
137,car,0.87,5,
137,car,0.57,48,
137,car,0.13,56,
137,car,0.31,18,
137,car,0.30,78,
138,car,0.78,1,
138,car,0.89,2,
138,car,0.83,5,
138,car,0.56,48,
138,car,0.11,56,
138,car,0.29,18,
138,car,0.29,78,
139,car,0.78,1,
139,car,0.89,2,
139,car,0.87,5,
139,car,0.54,48,
139,car,0.32,18,
139,car,0.32,78,
140,car,0.84,1,
140,car,0.90,2,
140,car,0.86,5,
140,car,0.43,48,
140,car,0.31,18,
140,car,0.32,78,
141,car,0.83,1,
141,car,0.91,2,
141,car,0.87,5,
141,car,0.42,48,
141,car,0.31,18,
141,car,0.35,78,
142,car,0.85,1,
142,car,0.90,2,
142,car,0.86,5,
142,car,0.43,48,
142,car,0.30,18,
142,car,0.26,78,
143,car,0.85,1,
143,car,0.83,2,
143,car,0.87,5,
143,car,0.42,48,
143,car,0.30,18,
143,car,0.26,78,
144,car,0.84,1,
144,car,0.86,2,
144,car,0.86,5,
144,car,0.42,48,
144,car,0.27,18,
144,car,0.32,78,
145,car,0.83,1,
145,car,0.58,2,
145,car,0.87,5,
145,car,0.44,48,
145,car,0.26,18,
145,car,0.29,78,
146,car,0.83,1,
146,car,0.86,5,
146,car,0.47,48,
146,car,0.27,18,
146,car,0.30,78,
147,car,0.83,1,
147,car,0.88,5,
147,car,0.48,48,
147,car,0.33,18,
147,car,0.33,78,
148,car,0.83,1,
148,car,0.90,5,
148,car,0.48,48,
148,car,0.25,18,
148,car,0.25,78,
149,car,0.85,1,
149,car,0.88,5,
149,car,0.44,48,
149,car,0.29,18,
149,car,0.25,78,
150,car,0.86,1,
150,car,0.86,5,
150,car,0.44,48,
150,car,0.27,18,
150,car,0.23,78,
151,car,0.85,1,
151,car,0.87,5,
151,car,0.36,48,
151,car,0.30,18,
151,car,0.29,78,
152,car,0.87,1,
152,car,0.88,5,
152,car,0.35,48,
152,car,0.29,18,
152,car,0.30,78,
153,car,0.86,1,
153,car,0.89,5,
153,car,0.39,48,
153,car,0.28,18,
153,car,0.18,78,
154,car,0.85,1,
154,car,0.88,5,
154,car,0.42,48,
154,car,0.28,18,
154,car,0.18,78,
155,car,0.86,1,
155,car,0.89,5,
155,car,0.38,48,
155,car,0.23,18,
155,car,0.18,78,
156,car,0.85,1,
156,car,0.88,5,
156,car,0.41,48,
156,car,0.30,18,
156,car,0.19,78,
157,car,0.85,1,
157,car,0.89,5,
157,car,0.39,48,
157,car,0.10,18,
157,car,0.20,78,
158,car,0.85,1,
158,car,0.88,5,
158,car,0.37,48,
158,car,0.25,18,
158,car,0.19,78,
159,car,0.85,1,
159,car,0.89,5,
159,car,0.38,48,
159,car,0.28,18,
159,car,0.18,78,
160,car,0.84,1,
160,car,0.90,5,
160,car,0.39,48,
160,car,0.31,18,
160,car,0.16,78,
161,car,0.84,1,
161,car,0.89,5,
161,car,0.43,48,
161,car,0.36,18,
161,car,0.15,78,
162,car,0.84,1,
162,car,0.88,5,
162,car,0.43,48,
162,car,0.35,18,
162,car,0.17,78,
163,car,0.84,1,
163,car,0.87,5,
163,car,0.40,48,
163,car,0.29,18,
163,car,0.17,78,
164,car,0.84,1,
164,car,0.90,5,
164,car,0.42,48,
164,car,0.31,18,
164,car,0.16,78,
165,car,0.85,1,
165,car,0.89,5,
165,car,0.40,48,
165,car,0.29,18,
165,car,0.12,78,
166,car,0.85,1,
166,car,0.89,5,
166,car,0.35,48,
166,car,0.27,18,
166,car,0.11,78,
167,car,0.84,1,
167,car,0.90,5,
167,car,0.39,48,
167,car,0.30,18,
167,car,0.11,78,
168,car,0.85,1,
168,car,0.92,5,
168,car,0.39,48,
168,car,0.30,18,
168,car,0.13,78,
169,car,0.85,1,
169,car,0.91,5,
169,car,0.41,48,
169,car,0.30,18,
169,car,0.11,78,
170,car,0.84,1,
170,car,0.92,5,
170,car,0.40,48,
170,car,0.31,18,
170,car,0.12,78,
171,car,0.84,1,
171,car,0.92,5,
171,car,0.46,48,
171,car,0.32,18,
171,car,0.12,78,
172,car,0.84,1,
172,car,0.91,5,
172,car,0.47,48,
172,car,0.32,18,
172,car,0.14,78,
173,car,0.82,1,
173,car,0.90,5,
173,car,0.45,48,
173,car,0.18,18,
173,car,0.15,78,
174,car,0.81,1,
174,car,0.91,5,
174,car,0.56,48,
174,car,0.12,78,
175,car,0.79,1,
175,car,0.90,5,
175,car,0.53,48,
175,car,0.10,78,
176,car,0.80,1,
176,car,0.92,5,
176,car,0.55,48,
176,car,0.16,78,
177,car,0.79,1,
177,car,0.91,5,
177,car,0.54,48,
177,car,0.11,78,
178,car,0.81,1,
178,car,0.91,5,
178,car,0.54,48,
179,car,0.81,1,
179,car,0.92,5,
179,car,0.54,48,
180,car,0.82,1,
180,car,0.94,5,
180,car,0.53,48,
181,car,0.82,1,
181,car,0.94,5,
181,car,0.53,48,
182,car,0.82,1,
182,car,0.94,5,
182,car,0.52,48,
183,car,0.81,1,
183,car,0.93,5,
183,car,0.55,48,
184,car,0.78,1,
184,car,0.93,5,
184,car,0.54,48,
185,car,0.81,1,
185,car,0.93,5,
185,car,0.54,48,
186,car,0.82,1,
186,car,0.93,5,
186,car,0.52,48,
187,car,0.82,1,
187,car,0.94,5,
187,car,0.52,48,
188,car,0.81,1,
188,car,0.95,5,
188,car,0.53,48,
189,car,0.81,1,
189,car,0.94,5,
189,car,0.54,48,
190,car,0.82,1,
190,car,0.89,5,
190,car,0.57,48,
190,car,0.34,100,
191,car,0.83,1,
191,car,0.90,5,
191,car,0.54,48,
191,car,0.31,100,
192,car,0.84,1,
192,car,0.92,5,
192,car,0.54,48,
192,car,0.28,100,
193,car,0.86,1,
193,car,0.92,5,
193,car,0.50,48,
193,car,0.27,100,
194,car,0.86,1,
194,car,0.91,5,
194,car,0.45,48,
194,car,0.24,100,
194,car,0.36,108,
195,car,0.85,1,
195,car,0.91,5,
195,car,0.53,48,
195,car,0.34,100,
195,car,0.30,108,
196,car,0.83,1,
196,car,0.92,5,
196,car,0.51,48,
196,car,0.30,100,
196,car,0.29,108,
197,car,0.86,1,
197,car,0.92,5,
197,car,0.38,48,
197,car,0.23,100,
197,car,0.26,108,
198,car,0.86,1,
198,car,0.81,5,
198,car,0.33,48,
198,car,0.19,100,
198,car,0.26,108,
199,car,0.88,1,
199,car,0.78,5,
199,car,0.31,48,
199,car,0.17,100,
199,car,0.28,108,
200,car,0.88,1,
200,car,0.35,48,
200,car,0.22,100,
200,car,0.30,108,
200,car,0.34,113,
201,car,0.87,1,
201,car,0.40,48,
201,car,0.24,100,
201,car,0.31,108,
201,car,0.36,113,
202,car,0.86,1,
202,car,0.41,48,
202,car,0.20,100,
202,car,0.25,108,
202,car,0.28,113,
203,car,0.85,1,
203,car,0.44,48,
203,car,0.21,100,
203,car,0.22,108,
203,car,0.25,113,
204,car,0.84,1,
204,car,0.42,48,
204,car,0.22,100,
204,car,0.22,108,
204,car,0.24,113,
205,car,0.83,1,
205,car,0.44,48,
205,car,0.23,100,
205,car,0.26,108,
205,car,0.30,113,
206,car,0.82,1,
206,car,0.47,48,
206,car,0.24,100,
206,car,0.20,108,
206,car,0.23,113,
207,car,0.85,1,
207,car,0.50,48,
207,car,0.31,100,
207,car,0.26,108,
207,car,0.28,113,
208,car,0.84,1,
208,car,0.53,48,
208,car,0.34,100,
208,car,0.26,108,
208,car,0.31,113,
209,car,0.84,1,
209,car,0.54,48,
209,car,0.34,100,
209,car,0.22,108,
209,car,0.23,113,
210,car,0.83,1,
210,car,0.55,48,
210,car,0.33,100,
210,car,0.24,108,
210,car,0.25,113,
211,car,0.84,1,
211,car,0.59,48,
211,car,0.39,100,
211,car,0.16,108,
211,car,0.11,113,
212,car,0.83,1,
212,car,0.59,48,
212,car,0.39,100,
212,car,0.21,108,
212,car,0.19,113,
213,car,0.83,1,
213,car,0.56,48,
213,car,0.30,100,
213,car,0.17,108,
213,car,0.13,113,
214,car,0.85,1,
214,car,0.59,48,
214,car,0.35,100,
214,car,0.19,108,
214,car,0.14,113,
215,car,0.85,1,
215,car,0.60,48,
215,car,0.34,100,
215,car,0.17,108,
215,car,0.11,113,
216,car,0.85,1,
216,car,0.60,48,
216,car,0.35,100,
216,car,0.18,108,
216,car,0.11,113,
217,car,0.85,1,
217,car,0.56,48,
217,car,0.31,100,
217,car,0.18,108,
217,car,0.10,113,
218,car,0.83,1,
218,car,0.59,48,
218,car,0.33,100,
218,car,0.19,108,
219,car,0.84,1,
219,car,0.57,48,
219,car,0.33,100,
219,car,0.28,108,
220,car,0.84,1,
220,car,0.54,48,
220,car,0.30,100,
220,car,0.27,108,
221,car,0.82,1,
221,car,0.54,48,
221,car,0.29,100,
221,car,0.21,108,
222,car,0.82,1,
222,car,0.54,48,
222,car,0.26,108,
223,car,0.84,1,
223,car,0.53,48,
223,car,0.30,108,
223,car,0.29,100,
224,car,0.82,1,
224,car,0.52,48,
224,car,0.30,108,
224,car,0.30,100,
225,car,0.84,1,
225,car,0.51,48,
225,car,0.33,108,
225,car,0.29,100,
226,car,0.84,1,
226,car,0.53,48,
226,car,0.35,108,
226,car,0.30,100,
227,car,0.85,1,
227,car,0.51,48,
227,car,0.26,108,
227,car,0.30,100,
228,car,0.84,1,
228,car,0.45,48,
228,car,0.24,108,
228,car,0.23,100,
228,car,0.27,113,
229,car,0.84,1,
229,car,0.37,48,
229,car,0.21,108,
229,car,0.16,100,
229,car,0.24,113,
230,car,0.84,1,
230,car,0.32,48,
230,car,0.24,108,
230,car,0.12,100,
230,car,0.27,113,
231,car,0.84,1,
231,car,0.37,48,
231,car,0.26,108,
231,car,0.20,100,
231,car,0.27,113,
232,car,0.84,1,
232,car,0.43,48,
232,car,0.21,108,
232,car,0.22,100,
232,car,0.24,113,
233,car,0.84,1,
233,car,0.41,48,
233,car,0.23,108,
233,car,0.19,100,
233,car,0.26,113,
234,car,0.84,1,
234,car,0.39,48,
234,car,0.23,108,
234,car,0.16,100,
234,car,0.26,113,
235,car,0.84,1,
235,car,0.45,48,
235,car,0.24,108,
235,car,0.20,100,
235,car,0.25,113,
236,car,0.85,1,
236,car,0.47,48,
236,car,0.27,108,
236,car,0.21,100,
236,car,0.26,113,
236,car,0.31,120,
237,car,0.84,1,
237,car,0.42,48,
237,car,0.25,108,
237,car,0.18,100,
237,car,0.27,113,
237,car,0.28,120,
238,car,0.84,1,
238,car,0.42,48,
238,car,0.26,108,
238,car,0.18,100,
238,car,0.28,113,
238,car,0.28,120,
239,car,0.84,1,
239,car,0.36,48,
239,car,0.25,108,
239,car,0.12,100,
239,car,0.26,113,
239,car,0.28,120,
240,car,0.83,1,
240,car,0.39,48,
240,car,0.20,108,
240,car,0.21,100,
240,car,0.25,113,
240,car,0.27,120,
241,car,0.85,1,
241,car,0.33,48,
241,car,0.16,108,
241,car,0.17,100,
241,car,0.24,113,
241,car,0.23,120,
242,car,0.85,1,
242,car,0.31,48,
242,car,0.17,108,
242,car,0.17,100,
242,car,0.24,113,
242,car,0.20,120,
243,car,0.85,1,
243,car,0.24,48,
243,car,0.18,108,
243,car,0.13,100,
243,car,0.22,113,
243,car,0.22,120,
244,car,0.84,1,
244,car,0.29,48,
244,car,0.15,108,
244,car,0.16,100,
244,car,0.23,113,
244,car,0.21,120,
245,car,0.85,1,
245,car,0.29,48,
245,car,0.19,108,
245,car,0.16,100,
245,car,0.22,113,
245,car,0.21,120,
246,car,0.84,1,
246,car,0.32,48,
246,car,0.19,108,
246,car,0.17,100,
246,car,0.22,113,
246,car,0.17,120,
247,car,0.84,1,
247,car,0.32,48,
247,car,0.19,108,
247,car,0.19,100,
247,car,0.21,113,
247,car,0.18,120,
248,car,0.84,1,
248,car,0.32,48,
248,car,0.21,108,
248,car,0.18,100,
248,car,0.22,113,
248,car,0.17,120,
249,car,0.84,1,
249,car,0.28,48,
249,car,0.22,108,
249,car,0.14,100,
249,car,0.21,113,
249,car,0.17,120,
250,car,0.83,1,
250,car,0.34,48,
250,car,0.20,108,
250,car,0.20,100,
250,car,0.17,113,
250,car,0.14,120,
251,car,0.83,1,
251,car,0.36,48,
251,car,0.22,108,
251,car,0.20,100,
251,car,0.17,113,
251,car,0.14,120,
252,car,0.84,1,
252,car,0.38,48,
252,car,0.23,108,
252,car,0.23,100,
252,car,0.22,113,
252,car,0.15,120,
253,car,0.85,1,
253,car,0.40,48,
253,car,0.25,108,
253,car,0.23,100,
253,car,0.24,113,
253,car,0.13,120,
254,car,0.85,1,
254,car,0.36,48,
254,car,0.31,108,
254,car,0.19,100,
254,car,0.25,113,
254,car,0.16,120,
255,car,0.85,1,
255,car,0.39,48,
255,car,0.30,108,
255,car,0.18,100,
255,car,0.22,113,
255,car,0.15,120,
256,car,0.85,1,
256,car,0.38,48,
256,car,0.29,108,
256,car,0.19,100,
256,car,0.25,113,
256,car,0.16,120,
257,car,0.84,1,
257,car,0.31,48,
257,car,0.27,108,
257,car,0.16,100,
257,car,0.25,113,
257,car,0.15,120,
258,car,0.85,1,
258,car,0.28,48,
258,car,0.26,108,
258,car,0.14,100,
258,car,0.26,113,
258,car,0.17,120,
259,car,0.85,1,
259,car,0.31,48,
259,car,0.25,108,
259,car,0.16,100,
259,car,0.29,113,
259,car,0.17,120,
260,car,0.85,1,
260,car,0.35,48,
260,car,0.24,108,
260,car,0.14,100,
260,car,0.27,113,
260,car,0.19,120,
261,car,0.85,1,
261,car,0.36,48,
261,car,0.26,108,
261,car,0.18,100,
261,car,0.30,113,
261,car,0.19,120,
262,car,0.85,1,
262,car,0.37,48,
262,car,0.22,108,
262,car,0.24,100,
262,car,0.29,113,
262,car,0.19,120,
263,car,0.85,1,
263,car,0.39,48,
263,car,0.22,108,
263,car,0.26,100,
263,car,0.29,113,
263,car,0.19,120,
264,car,0.84,1,
264,car,0.39,48,
264,car,0.20,108,
264,car,0.25,100,
264,car,0.27,113,
264,car,0.19,120,
265,car,0.83,1,
265,car,0.40,48,
265,car,0.22,108,
265,car,0.21,100,
265,car,0.29,113,
265,car,0.16,120,
266,car,0.83,1,
266,car,0.42,48,
266,car,0.20,108,
266,car,0.21,100,
266,car,0.29,113,
266,car,0.18,120,
267,car,0.83,1,
267,car,0.41,48,
267,car,0.19,108,
267,car,0.15,100,
267,car,0.30,113,
267,car,0.19,120,
268,car,0.83,1,
268,car,0.43,48,
268,car,0.22,108,
268,car,0.18,100,
268,car,0.28,113,
268,car,0.15,120,
269,car,0.84,1,
269,car,0.41,48,
269,car,0.22,108,
269,car,0.16,100,
269,car,0.26,113,
269,car,0.15,120,
270,car,0.83,1,
270,car,0.39,48,
270,car,0.21,108,
270,car,0.13,100,
270,car,0.26,113,
270,car,0.21,120,
271,car,0.82,1,
271,car,0.43,48,
271,car,0.21,108,
271,car,0.13,100,
271,car,0.24,113,
271,car,0.17,120,
272,car,0.83,1,
272,car,0.43,48,
272,car,0.22,108,
272,car,0.11,100,
272,car,0.19,113,
272,car,0.19,120,
273,car,0.82,1,
273,car,0.39,48,
273,car,0.23,108,
273,car,0.14,100,
273,car,0.17,113,
273,car,0.22,120,
274,car,0.82,1,
274,car,0.34,48,
274,car,0.27,108,
274,car,0.12,100,
274,car,0.24,113,
274,car,0.25,120,
275,car,0.81,1,
275,car,0.43,48,
275,car,0.30,108,
275,car,0.16,100,
275,car,0.24,113,
275,car,0.21,120,
276,car,0.81,1,
276,car,0.43,48,
276,car,0.26,108,
276,car,0.16,100,
276,car,0.21,113,
276,car,0.17,120,
277,car,0.82,1,
277,car,0.32,48,
277,car,0.26,108,
277,car,0.11,100,
277,car,0.21,113,
277,car,0.21,120,
278,car,0.82,1,
278,car,0.44,48,
278,car,0.25,108,
278,car,0.14,100,
278,car,0.19,113,
278,car,0.19,120,
279,car,0.81,1,
279,car,0.40,48,
279,car,0.30,108,
279,car,0.14,100,
279,car,0.25,113,
279,car,0.17,120,
280,car,0.82,1,
280,car,0.42,48,
280,car,0.31,108,
280,car,0.16,100,
280,car,0.27,113,
280,car,0.18,120,
281,car,0.82,1,
281,car,0.40,48,
281,car,0.30,108,
281,car,0.16,100,
281,car,0.25,113,
281,car,0.17,120,
282,car,0.81,1,
282,car,0.43,48,
282,car,0.32,108,
282,car,0.18,100,
282,car,0.23,113,
282,car,0.15,120,
283,car,0.81,1,
283,car,0.39,48,
283,car,0.35,108,
283,car,0.14,100,
283,car,0.24,113,
283,car,0.16,120,
284,car,0.81,1,
284,car,0.34,48,
284,car,0.36,108,
284,car,0.14,100,
284,car,0.27,113,
284,car,0.15,120,
285,car,0.80,1,
285,car,0.32,48,
285,car,0.33,108,
285,car,0.13,100,
285,car,0.24,113,
285,car,0.15,120,
286,car,0.81,1,
286,car,0.33,48,
286,car,0.29,108,
286,car,0.13,100,
286,car,0.22,113,
286,car,0.15,120,
287,car,0.79,1,
287,car,0.32,48,
287,car,0.29,108,
287,car,0.13,100,
287,car,0.23,113,
287,car,0.15,120,
288,car,0.80,1,
288,car,0.34,48,
288,car,0.38,108,
288,car,0.14,100,
288,car,0.30,113,
288,car,0.14,120,
289,car,0.79,1,
289,car,0.33,48,
289,car,0.34,108,
289,car,0.13,100,
289,car,0.24,113,
289,car,0.16,120,
290,car,0.80,1,
290,car,0.31,48,
290,car,0.35,108,
290,car,0.13,100,
290,car,0.25,113,
290,car,0.14,120,
291,car,0.81,1,
291,car,0.29,48,
291,car,0.34,108,
291,car,0.12,100,
291,car,0.24,113,
291,car,0.14,120,
292,car,0.79,1,
292,car,0.29,48,
292,car,0.37,108,
292,car,0.10,100,
292,car,0.26,113,
292,car,0.13,120,
293,car,0.80,1,
293,car,0.30,48,
293,car,0.34,108,
293,car,0.11,100,
293,car,0.25,113,
293,car,0.15,120,
294,car,0.80,1,
294,car,0.30,48,
294,car,0.38,108,
294,car,0.10,100,
294,car,0.30,113,
294,car,0.16,120,
295,car,0.79,1,
295,car,0.29,48,
295,car,0.34,108,
295,car,0.10,100,
295,car,0.26,113,
295,car,0.16,120,
296,car,0.78,1,
296,car,0.32,48,
296,car,0.32,108,
296,car,0.12,100,
296,car,0.24,113,
296,car,0.15,120,
297,car,0.80,1,
297,car,0.37,48,
297,car,0.37,108,
297,car,0.12,100,
297,car,0.30,113,
297,car,0.16,120,
298,car,0.80,1,
298,car,0.38,48,
298,car,0.36,108,
298,car,0.12,100,
298,car,0.29,113,
298,car,0.15,120,
299,car,0.79,1,
299,car,0.35,48,
299,car,0.37,108,
299,car,0.13,100,
299,car,0.30,113,
299,car,0.16,120,
300,car,0.80,1,
300,car,0.35,48,
300,car,0.38,108,
300,car,0.12,100,
300,car,0.33,113,
300,car,0.15,120,
301,car,0.82,1,
301,car,0.35,48,
301,car,0.29,108,
301,car,0.12,100,
301,car,0.23,113,
301,car,0.15,120,
302,car,0.81,1,
302,car,0.36,48,
302,car,0.35,108,
302,car,0.14,100,
302,car,0.28,113,
302,car,0.16,120,
303,car,0.81,1,
303,car,0.38,48,
303,car,0.36,108,
303,car,0.10,100,
303,car,0.33,113,
303,car,0.15,120,
304,car,0.81,1,
304,car,0.36,48,
304,car,0.33,108,
304,car,0.31,113,
304,car,0.16,120,
305,car,0.81,1,
305,car,0.37,48,
305,car,0.36,108,
305,car,0.30,113,
305,car,0.18,120,
306,car,0.81,1,
306,car,0.37,48,
306,car,0.32,108,
306,car,0.29,113,
306,car,0.16,120,
307,car,0.81,1,
307,car,0.41,48,
307,car,0.37,108,
307,car,0.33,113,
307,car,0.15,120,
308,car,0.80,1,
308,car,0.33,48,
308,car,0.36,108,
308,car,0.31,113,
308,car,0.17,120,
309,car,0.82,1,
309,car,0.32,48,
309,car,0.37,108,
309,car,0.32,113,
309,car,0.16,120,
310,car,0.83,1,
310,car,0.36,48,
310,car,0.37,108,
310,car,0.31,113,
310,car,0.18,120,
311,car,0.83,1,
311,car,0.34,48,
311,car,0.34,108,
311,car,0.30,113,
311,car,0.18,120,
312,car,0.83,1,
312,car,0.35,48,
312,car,0.38,108,
312,car,0.34,113,
312,car,0.18,120,
313,car,0.82,1,
313,car,0.33,48,
313,car,0.42,108,
313,car,0.41,113,
313,car,0.16,120,
314,car,0.81,1,
314,car,0.33,48,
314,car,0.41,108,
314,car,0.39,113,
314,car,0.15,120,
315,car,0.81,1,
315,car,0.34,48,
315,car,0.44,108,
315,car,0.41,113,
315,car,0.15,120,
316,car,0.83,1,
316,car,0.34,48,
316,car,0.40,108,
316,car,0.38,113,
316,car,0.14,120,
317,car,0.83,1,
317,car,0.35,48,
317,car,0.38,108,
317,car,0.35,113,
317,car,0.15,120,
318,car,0.82,1,
318,car,0.39,48,
318,car,0.46,108,
318,car,0.43,113,
318,car,0.15,120,
319,car,0.83,1,
319,car,0.35,48,
319,car,0.44,108,
319,car,0.40,113,
319,car,0.15,120,
320,car,0.81,1,
320,car,0.34,48,
320,car,0.43,108,
320,car,0.37,113,
320,car,0.15,120,
321,car,0.81,1,
321,car,0.36,48,
321,car,0.36,108,
321,car,0.33,113,
321,car,0.14,120,
322,car,0.81,1,
322,car,0.36,48,
322,car,0.32,108,
322,car,0.30,113,
322,car,0.14,120,
323,car,0.82,1,
323,car,0.38,48,
323,car,0.37,108,
323,car,0.30,113,
323,car,0.13,120,
324,car,0.81,1,
324,car,0.37,48,
324,car,0.30,108,
324,car,0.26,113,
324,car,0.12,120,
325,car,0.84,1,
325,car,0.37,48,
325,car,0.32,108,
325,car,0.28,113,
325,car,0.13,120,
326,car,0.83,1,
326,car,0.33,48,
326,car,0.33,108,
326,car,0.28,113,
326,car,0.14,120,
327,car,0.81,1,
327,car,0.39,48,
327,car,0.31,108,
327,car,0.28,113,
327,car,0.14,120,
328,car,0.82,1,
328,car,0.37,48,
328,car,0.29,108,
328,car,0.29,113,
328,car,0.14,120,
329,car,0.82,1,
329,car,0.31,48,
329,car,0.27,108,
329,car,0.26,113,
329,car,0.13,120,
330,car,0.82,1,
330,car,0.32,48,
330,car,0.27,108,
330,car,0.26,113,
330,car,0.14,120,
331,car,0.82,1,
331,car,0.29,48,
331,car,0.27,108,
331,car,0.18,113,
331,car,0.14,120,
332,car,0.82,1,
332,car,0.34,48,
332,car,0.24,108,
332,car,0.16,113,
332,car,0.15,120,
333,car,0.81,1,
333,car,0.34,48,
333,car,0.22,108,
333,car,0.15,113,
333,car,0.15,120,
334,car,0.82,1,
334,car,0.36,48,
334,car,0.19,108,
334,car,0.14,113,
334,car,0.16,120,
335,car,0.81,1,
335,car,0.36,48,
335,car,0.23,108,
335,car,0.19,113,
335,car,0.17,120,
336,car,0.82,1,
336,car,0.29,48,
336,car,0.23,108,
336,car,0.19,113,
336,car,0.15,120,
337,car,0.82,1,
337,car,0.28,48,
337,car,0.23,108,
337,car,0.20,113,
337,car,0.15,120,
338,car,0.82,1,
338,car,0.30,48,
338,car,0.25,108,
338,car,0.21,113,
338,car,0.16,120,
339,car,0.82,1,
339,car,0.32,48,
339,car,0.26,108,
339,car,0.21,113,
339,car,0.16,120,
340,car,0.82,1,
340,car,0.31,48,
340,car,0.22,108,
340,car,0.18,113,
340,car,0.15,120,
341,car,0.81,1,
341,car,0.25,48,
341,car,0.19,108,
341,car,0.17,113,
341,car,0.14,120,
342,car,0.81,1,
342,car,0.29,48,
342,car,0.22,108,
342,car,0.20,113,
342,car,0.16,120,
343,car,0.81,1,
343,car,0.32,48,
343,car,0.20,108,
343,car,0.21,113,
343,car,0.17,120,
344,car,0.81,1,
344,car,0.34,48,
344,car,0.21,108,
344,car,0.23,113,
344,car,0.16,120,
345,car,0.80,1,
345,car,0.25,48,
345,car,0.23,108,
345,car,0.20,113,
345,car,0.16,120,
346,car,0.81,1,
346,car,0.30,48,
346,car,0.24,108,
346,car,0.22,113,
346,car,0.15,120,
347,car,0.81,1,
347,car,0.33,48,
347,car,0.25,108,
347,car,0.24,113,
347,car,0.16,120,
348,car,0.81,1,
348,car,0.34,48,
348,car,0.27,108,
348,car,0.25,113,
348,car,0.17,120,
349,car,0.80,1,
349,car,0.33,48,
349,car,0.24,108,
349,car,0.22,113,
349,car,0.18,120,
350,car,0.82,1,
350,car,0.34,48,
350,car,0.31,108,
350,car,0.24,113,
350,car,0.15,120,
351,car,0.84,1,
351,car,0.38,48,
351,car,0.30,108,
351,car,0.21,113,
351,car,0.12,120,
352,car,0.84,1,
352,car,0.39,48,
352,car,0.34,108,
352,car,0.24,113,
352,car,0.13,120,
353,car,0.83,1,
353,car,0.39,48,
353,car,0.30,108,
353,car,0.23,113,
353,car,0.14,120,
354,car,0.83,1,
354,car,0.38,48,
354,car,0.33,108,
354,car,0.22,113,
354,car,0.14,120,
355,car,0.81,1,
355,car,0.37,48,
355,car,0.27,108,
355,car,0.20,113,
355,car,0.14,120,
356,car,0.83,1,
356,car,0.39,48,
356,car,0.32,108,
356,car,0.23,113,
356,car,0.14,120,
357,car,0.83,1,
357,car,0.39,48,
357,car,0.32,108,
357,car,0.24,113,
357,car,0.14,120,
358,car,0.83,1,
358,car,0.39,48,
358,car,0.33,108,
358,car,0.25,113,
358,car,0.15,120,
359,car,0.83,1,
359,car,0.40,48,
359,car,0.32,108,
359,car,0.24,113,
359,car,0.15,120,
360,car,0.83,1,
360,car,0.43,48,
360,car,0.32,108,
360,car,0.23,113,
360,car,0.14,120,
361,car,0.85,1,
361,car,0.39,48,
361,car,0.30,108,
361,car,0.29,113,
361,car,0.13,120,
362,car,0.84,1,
362,car,0.38,48,
362,car,0.28,108,
362,car,0.30,113,
362,car,0.13,120,
363,car,0.83,1,
363,car,0.39,48,
363,car,0.35,108,
363,car,0.30,113,
363,car,0.15,120,
364,car,0.83,1,
364,car,0.37,48,
364,car,0.30,108,
364,car,0.28,113,
364,car,0.15,120,
365,car,0.83,1,
365,car,0.38,48,
365,car,0.27,108,
365,car,0.26,113,
365,car,0.15,120,
366,car,0.82,1,
366,car,0.35,48,
366,car,0.24,108,
366,car,0.25,113,
366,car,0.14,120,
367,car,0.82,1,
367,car,0.34,48,
367,car,0.25,108,
367,car,0.23,113,
367,car,0.15,120,
368,car,0.82,1,
368,car,0.29,48,
368,car,0.26,108,
368,car,0.26,113,
368,car,0.14,120,
369,car,0.81,1,
369,car,0.34,48,
369,car,0.23,108,
369,car,0.23,113,
369,car,0.17,120,
370,car,0.81,1,
370,car,0.31,48,
370,car,0.24,108,
370,car,0.25,113,
370,car,0.16,120,
371,car,0.81,1,
371,car,0.30,48,
371,car,0.25,108,
371,car,0.25,113,
371,car,0.17,120,
372,car,0.82,1,
372,car,0.35,48,
372,car,0.28,108,
372,car,0.23,113,
372,car,0.15,120,
373,car,0.82,1,
373,car,0.35,48,
373,car,0.28,108,
373,car,0.26,113,
373,car,0.15,120,
374,car,0.81,1,
374,car,0.34,48,
374,car,0.27,108,
374,car,0.25,113,
374,car,0.16,120,
375,car,0.80,1,
375,car,0.32,48,
375,car,0.22,108,
375,car,0.24,113,
375,car,0.19,120,
376,car,0.80,1,
376,car,0.33,48,
376,car,0.21,108,
376,car,0.23,113,
376,car,0.18,120,
377,car,0.81,1,
377,car,0.34,48,
377,car,0.29,108,
377,car,0.25,113,
377,car,0.17,120,
378,car,0.81,1,
378,car,0.33,48,
378,car,0.30,108,
378,car,0.24,113,
378,car,0.18,120,
379,car,0.81,1,
379,car,0.33,48,
379,car,0.32,108,
379,car,0.25,113,
379,car,0.17,120,
380,car,0.80,1,
380,car,0.34,48,
380,car,0.28,108,
380,car,0.22,113,
380,car,0.16,120,
381,car,0.82,1,
381,car,0.34,48,
381,car,0.25,108,
381,car,0.23,113,
381,car,0.16,120,
382,car,0.82,1,
382,car,0.32,48,
382,car,0.30,108,
382,car,0.29,113,
382,car,0.15,120,
383,car,0.82,1,
383,car,0.34,48,
383,car,0.28,108,
383,car,0.29,113,
383,car,0.15,120,
384,car,0.84,1,
384,car,0.40,48,
384,car,0.40,108,
384,car,0.37,113,
384,car,0.18,120,
385,car,0.84,1,
385,car,0.35,48,
385,car,0.43,108,
385,car,0.37,113,
385,car,0.18,120,
386,car,0.83,1,
386,car,0.36,48,
386,car,0.41,108,
386,car,0.36,113,
386,car,0.17,120,
387,car,0.80,1,
387,car,0.35,48,
387,car,0.41,108,
387,car,0.39,113,
387,car,0.14,120,
388,car,0.82,1,
388,car,0.37,48,
388,car,0.39,108,
388,car,0.39,113,
388,car,0.16,120,
389,car,0.82,1,
389,car,0.37,48,
389,car,0.38,108,
389,car,0.37,113,
389,car,0.14,120,
390,car,0.82,1,
390,car,0.36,48,
390,car,0.35,108,
390,car,0.36,113,
390,car,0.15,120,
391,car,0.81,1,
391,car,0.35,48,
391,car,0.41,108,
391,car,0.38,113,
391,car,0.13,120,
392,car,0.81,1,
392,car,0.32,48,
392,car,0.40,108,
392,car,0.37,113,
392,car,0.12,120,
393,car,0.81,1,
393,car,0.34,48,
393,car,0.34,108,
393,car,0.32,113,
393,car,0.12,120,
394,car,0.81,1,
394,car,0.29,48,
394,car,0.39,108,
394,car,0.36,113,
394,car,0.15,120,
395,car,0.79,1,
395,car,0.37,48,
395,car,0.38,108,
395,car,0.33,113,
395,car,0.16,120,
396,car,0.79,1,
396,car,0.37,48,
396,car,0.34,108,
396,car,0.31,113,
396,car,0.12,120,
397,car,0.77,1,
397,car,0.36,48,
397,car,0.36,108,
397,car,0.25,113,
397,car,0.14,120,
398,car,0.74,1,
398,car,0.40,48,
398,car,0.39,108,
398,car,0.26,113,
398,car,0.14,120,
399,car,0.75,1,
399,car,0.39,48,
399,car,0.32,108,
399,car,0.23,113,
399,car,0.14,120,
400,car,0.75,1,
400,car,0.39,48,
400,car,0.32,108,
400,car,0.24,113,
400,car,0.15,120,
401,car,0.79,1,
401,car,0.31,48,
401,car,0.36,108,
401,car,0.13,120,
402,car,0.76,1,
402,car,0.34,48,
402,car,0.37,108,
402,car,0.14,120,
403,car,0.78,1,
403,car,0.36,48,
403,car,0.41,108,
403,car,0.16,120,
404,car,0.75,1,
404,car,0.37,48,
404,car,0.34,108,
404,car,0.14,120,
405,car,0.73,1,
405,car,0.38,48,
405,car,0.34,108,
405,car,0.12,120,
406,car,0.77,1,
406,car,0.35,48,
406,car,0.31,108,
406,car,0.15,120,
407,car,0.75,1,
407,car,0.44,48,
407,car,0.29,108,
407,car,0.12,120,
408,car,0.75,1,
408,car,0.45,48,
408,car,0.30,108,
408,car,0.12,120,
409,car,0.77,1,
409,car,0.36,48,
409,car,0.31,108,
409,car,0.12,120,
410,car,0.75,1,
410,car,0.41,48,
410,car,0.36,108,
410,car,0.11,120,
411,car,0.75,1,
411,car,0.35,48,
411,car,0.32,108,
411,car,0.12,120,
412,car,0.77,1,
412,car,0.33,48,
412,car,0.29,108,
412,car,0.13,120,
413,car,0.76,1,
413,car,0.34,48,
413,car,0.27,108,
413,car,0.13,120,
414,car,0.75,1,
414,car,0.36,48,
414,car,0.22,108,
414,car,0.12,120,
415,car,0.76,1,
415,car,0.32,48,
415,car,0.21,108,
415,car,0.13,120,
416,car,0.73,1,
416,car,0.33,48,
416,car,0.18,108,
416,car,0.14,120,
417,car,0.76,1,
417,car,0.36,48,
417,car,0.14,108,
417,car,0.15,120,
418,car,0.75,1,
418,car,0.38,48,
418,car,0.17,108,
418,car,0.16,120,
419,car,0.79,1,
419,car,0.34,48,
419,car,0.19,108,
419,car,0.17,120,
420,car,0.78,1,
420,car,0.36,48,
420,car,0.19,108,
420,car,0.17,120,
421,car,0.76,1,
421,car,0.44,48,
421,car,0.20,108,
421,car,0.13,120,
422,car,0.76,1,
422,car,0.45,48,
422,car,0.17,108,
422,car,0.12,120,
423,car,0.79,1,
423,car,0.43,48,
423,car,0.18,108,
423,car,0.13,120,
424,car,0.79,1,
424,car,0.45,48,
424,car,0.20,108,
424,car,0.13,120,
424,car,0.31,171,
425,car,0.79,1,
425,car,0.46,48,
425,car,0.20,108,
425,car,0.14,120,
425,car,0.31,171,
426,car,0.77,1,
426,car,0.43,48,
426,car,0.13,108,
426,car,0.15,120,
426,car,0.27,171,
427,car,0.81,1,
427,car,0.42,48,
427,car,0.13,108,
427,car,0.15,120,
427,car,0.26,171,
428,car,0.79,1,
428,car,0.45,48,
428,car,0.17,108,
428,car,0.12,120,
429,car,0.80,1,
429,car,0.45,48,
429,car,0.19,108,
429,car,0.11,120,
430,car,0.78,1,
430,car,0.45,48,
430,car,0.18,108,
430,car,0.12,120,
431,car,0.71,1,
431,car,0.43,48,
431,car,0.14,108,
432,car,0.74,1,
432,car,0.43,48,
432,car,0.19,108,
432,car,0.37,174,
433,car,0.75,1,
433,car,0.33,48,
433,car,0.15,108,
433,car,0.39,174,
434,car,0.73,1,
434,car,0.35,48,
434,car,0.35,174,
435,car,0.72,1,
435,car,0.40,48,
435,car,0.39,174,
436,car,0.74,1,
436,car,0.39,48,
436,car,0.39,174,
437,car,0.73,1,
437,car,0.49,48,
437,car,0.32,174,
438,car,0.72,1,
438,car,0.50,48,
438,car,0.31,174,
439,car,0.76,1,
439,car,0.41,48,
439,car,0.37,174,
440,car,0.76,1,
440,car,0.48,48,
440,car,0.44,174,
441,car,0.77,1,
441,car,0.47,48,
441,car,0.30,174,
442,car,0.76,1,
442,car,0.40,48,
442,car,0.29,174,
443,car,0.78,1,
443,car,0.44,48,
443,car,0.24,174,
444,car,0.79,1,
444,car,0.41,48,
444,car,0.22,174,
445,car,0.78,1,
445,car,0.41,48,
445,car,0.13,174,
446,car,0.79,1,
446,car,0.44,48,
446,car,0.12,174,
447,car,0.79,1,
447,car,0.38,48,
448,car,0.80,1,
448,car,0.37,48,
449,car,0.81,1,
449,car,0.36,48,
450,car,0.81,1,
450,car,0.37,48,
451,car,0.81,1,
451,car,0.35,48,
452,car,0.78,1,
452,car,0.41,48,
452,car,0.26,171,
453,car,0.80,1,
453,car,0.42,48,
453,car,0.27,171,
454,car,0.78,1,
454,car,0.43,48,
454,car,0.27,171,
455,car,0.78,1,
455,car,0.39,48,
455,car,0.24,171,
456,car,0.80,1,
456,car,0.34,48,
456,car,0.20,171,
457,car,0.79,1,
457,car,0.40,171,
458,car,0.79,1,
458,car,0.19,171,
458,car,0.31,48,
459,car,0.79,1,
459,car,0.24,171,
459,car,0.43,48,
460,car,0.81,1,
460,car,0.26,171,
460,car,0.45,48,
461,car,0.81,1,
461,car,0.28,171,
461,car,0.47,48,
462,car,0.79,1,
462,car,0.18,171,
462,car,0.45,48,
463,car,0.80,1,
463,car,0.34,171,
463,car,0.42,48,
464,car,0.81,1,
464,car,0.19,171,
464,car,0.37,48,
465,car,0.81,1,
465,car,0.20,171,
465,car,0.38,48,
466,car,0.81,1,
466,car,0.17,171,
466,car,0.35,48,
467,car,0.80,1,
467,car,0.40,171,
468,car,0.80,1,
468,car,0.42,171,
469,car,0.80,1,
469,car,0.52,171,
470,car,0.78,1,
470,car,0.51,171,
471,car,0.80,1,
471,car,0.46,171,
472,car,0.81,1,
472,car,0.39,171,
473,car,0.80,1,
473,car,0.42,171,
474,car,0.80,1,
474,car,0.39,171,
475,car,0.80,1,
475,car,0.42,171,
476,car,0.80,1,
476,car,0.48,171,
476,car,0.31,208,
477,car,0.80,1,
477,car,0.45,171,
477,car,0.20,208,
478,car,0.79,1,
478,car,0.41,171,
478,car,0.16,208,
478,car,0.34,213,
479,car,0.79,1,
479,car,0.38,171,
479,car,0.19,208,
479,car,0.32,213,
480,car,0.80,1,
480,car,0.12,171,
480,car,0.22,208,
480,car,0.34,213,
480,car,0.38,48,
481,car,0.79,1,
481,car,0.20,171,
481,car,0.19,208,
481,car,0.23,213,
481,car,0.45,48,
482,car,0.80,1,
482,car,0.28,171,
482,car,0.18,208,
482,car,0.25,213,
482,car,0.45,48,
483,car,0.79,1,
483,car,0.32,171,
483,car,0.23,208,
483,car,0.23,213,
483,car,0.45,48,
484,car,0.79,1,
484,car,0.29,171,
484,car,0.12,208,
484,car,0.22,213,
484,car,0.43,48,
485,car,0.77,1,
485,car,0.11,171,
485,car,0.22,208,
485,car,0.24,213,
485,car,0.50,48,
485,car,0.37,223,
486,car,0.77,1,
486,car,0.12,171,
486,car,0.31,208,
486,car,0.25,213,
486,car,0.58,48,
486,car,0.34,223,
487,car,0.78,1,
487,car,0.10,171,
487,car,0.30,208,
487,car,0.25,213,
487,car,0.56,48,
487,car,0.36,223,
488,car,0.77,1,
488,car,0.14,171,
488,car,0.34,208,
488,car,0.26,213,
488,car,0.53,48,
488,car,0.34,223,
489,car,0.77,1,
489,car,0.12,171,
489,car,0.31,208,
489,car,0.29,213,
489,car,0.51,48,
489,car,0.35,223,
490,car,0.75,1,
490,car,0.23,208,
490,car,0.32,213,
490,car,0.52,48,
490,car,0.33,223,
491,car,0.71,1,
491,car,0.17,208,
491,car,0.29,213,
491,car,0.49,48,
491,car,0.31,223,
492,car,0.70,1,
492,car,0.16,208,
492,car,0.26,213,
492,car,0.46,48,
492,car,0.29,223,
493,car,0.74,1,
493,car,0.22,208,
493,car,0.28,213,
493,car,0.47,48,
493,car,0.24,223,
494,car,0.75,1,
494,car,0.16,208,
494,car,0.27,213,
494,car,0.46,48,
494,car,0.21,223,
495,car,0.68,1,
495,car,0.21,208,
495,car,0.26,213,
495,car,0.52,48,
495,car,0.24,223,
496,car,0.65,1,
496,car,0.29,208,
496,car,0.23,213,
496,car,0.53,48,
496,car,0.17,223,
496,car,0.34,228,
497,car,0.69,1,
497,car,0.32,208,
497,car,0.21,213,
497,car,0.51,48,
497,car,0.16,223,
497,car,0.31,228,
498,car,0.72,1,
498,car,0.17,208,
498,car,0.22,213,
498,car,0.51,48,
498,car,0.14,223,
498,car,0.42,228,
499,car,0.74,1,
499,car,0.21,208,
499,car,0.21,213,
499,car,0.53,48,
499,car,0.12,223,
499,car,0.39,228,
500,car,0.78,1,
500,car,0.23,208,
500,car,0.19,213,
500,car,0.51,48,
500,car,0.13,223,
500,car,0.40,228,
500,car,0.37,231,
501,car,0.79,1,
501,car,0.22,208,
501,car,0.18,213,
501,car,0.55,48,
501,car,0.13,223,
501,car,0.50,228,
502,car,0.75,1,
502,car,0.22,208,
502,car,0.18,213,
502,car,0.54,48,
502,car,0.17,223,
502,car,0.44,228,
502,car,0.35,231,
503,car,0.76,1,
503,car,0.26,208,
503,car,0.17,213,
503,car,0.55,48,
503,car,0.19,223,
503,car,0.42,228,
503,car,0.32,231,
504,car,0.79,1,
504,car,0.15,208,
504,car,0.18,213,
504,car,0.55,48,
504,car,0.20,223,
504,car,0.41,228,
504,car,0.29,231,
505,car,0.79,1,
505,car,0.19,208,
505,car,0.17,213,
505,car,0.52,48,
505,car,0.19,223,
505,car,0.47,228,
505,car,0.31,231,
506,car,0.79,1,
506,car,0.21,208,
506,car,0.19,213,
506,car,0.53,48,
506,car,0.19,223,
506,car,0.49,228,
506,car,0.32,231,
507,car,0.77,1,
507,car,0.21,208,
507,car,0.16,213,
507,car,0.52,48,
507,car,0.20,223,
507,car,0.36,228,
507,car,0.23,231,
508,car,0.79,1,
508,car,0.21,208,
508,car,0.18,213,
508,car,0.51,48,
508,car,0.21,223,
508,car,0.24,228,
508,car,0.16,231,
509,car,0.77,1,
509,car,0.25,208,
509,car,0.20,213,
509,car,0.48,48,
509,car,0.20,223,
509,car,0.20,228,
509,car,0.13,231,
510,car,0.75,1,
510,car,0.12,208,
510,car,0.20,213,
510,car,0.44,48,
510,car,0.21,223,
510,car,0.17,228,
510,car,0.10,231,
511,car,0.77,1,
511,car,0.14,208,
511,car,0.22,213,
511,car,0.48,48,
511,car,0.21,223,
511,car,0.30,228,
511,car,0.22,231,
512,car,0.75,1,
512,car,0.10,208,
512,car,0.23,213,
512,car,0.42,48,
512,car,0.23,223,
512,car,0.32,228,
512,car,0.27,231,
513,car,0.72,1,
513,car,0.10,208,
513,car,0.24,213,
513,car,0.40,48,
513,car,0.24,223,
513,car,0.24,228,
513,car,0.23,231,
514,car,0.73,1,
514,car,0.12,208,
514,car,0.26,213,
514,car,0.38,48,
514,car,0.23,223,
514,car,0.29,228,
514,car,0.27,231,
515,car,0.69,1,
515,car,0.15,208,
515,car,0.23,213,
515,car,0.30,48,
515,car,0.21,223,
515,car,0.33,228,
515,car,0.28,231,
516,car,0.71,1,
516,car,0.15,208,
516,car,0.21,213,
516,car,0.30,48,
516,car,0.22,223,
516,car,0.23,228,
516,car,0.21,231,
517,car,0.70,1,
517,car,0.14,208,
517,car,0.20,213,
517,car,0.31,48,
517,car,0.20,223,
517,car,0.23,228,
517,car,0.20,231,
518,car,0.70,1,
518,car,0.19,208,
518,car,0.20,213,
518,car,0.43,48,
518,car,0.20,223,
518,car,0.22,228,
518,car,0.17,231,
519,car,0.71,1,
519,car,0.13,208,
519,car,0.15,213,
519,car,0.45,48,
519,car,0.20,223,
519,car,0.19,228,
519,car,0.15,231,
520,car,0.75,1,
520,car,0.12,208,
520,car,0.15,213,
520,car,0.43,48,
520,car,0.21,223,
520,car,0.20,228,
520,car,0.13,231,
521,car,0.75,1,
521,car,0.13,208,
521,car,0.17,213,
521,car,0.41,48,
521,car,0.21,223,
521,car,0.23,228,
521,car,0.14,231,
522,car,0.75,1,
522,car,0.18,208,
522,car,0.18,213,
522,car,0.41,48,
522,car,0.22,223,
522,car,0.19,228,
522,car,0.14,231,
523,car,0.77,1,
523,car,0.17,208,
523,car,0.21,213,
523,car,0.42,48,
523,car,0.24,223,
523,car,0.22,228,
523,car,0.19,231,
524,car,0.77,1,
524,car,0.14,208,
524,car,0.23,213,
524,car,0.40,48,
524,car,0.22,223,
524,car,0.21,228,
524,car,0.18,231,
525,car,0.76,1,
525,car,0.18,208,
525,car,0.19,213,
525,car,0.39,48,
525,car,0.24,223,
525,car,0.23,228,
525,car,0.19,231,
526,car,0.76,1,
526,car,0.20,208,
526,car,0.15,213,
526,car,0.36,48,
526,car,0.23,223,
526,car,0.28,228,
526,car,0.18,231,
527,car,0.78,1,
527,car,0.24,208,
527,car,0.14,213,
527,car,0.39,48,
527,car,0.23,223,
527,car,0.23,228,
527,car,0.16,231,
528,car,0.80,1,
528,car,0.24,208,
528,car,0.16,213,
528,car,0.36,48,
528,car,0.22,223,
528,car,0.17,228,
528,car,0.14,231,
529,car,0.80,1,
529,car,0.28,208,
529,car,0.19,213,
529,car,0.44,48,
529,car,0.22,223,
529,car,0.20,228,
529,car,0.13,231,
530,car,0.78,1,
530,car,0.27,208,
530,car,0.18,213,
530,car,0.35,48,
530,car,0.21,223,
530,car,0.14,228,
530,car,0.14,231,
531,car,0.79,1,
531,car,0.26,208,
531,car,0.18,213,
531,car,0.39,48,
531,car,0.21,223,
531,car,0.12,228,
531,car,0.11,231,
532,car,0.80,1,
532,car,0.23,208,
532,car,0.19,213,
532,car,0.41,48,
532,car,0.20,223,
532,car,0.10,228,
532,car,0.10,231,
533,car,0.81,1,
533,car,0.21,208,
533,car,0.14,213,
533,car,0.43,48,
533,car,0.20,223,
533,car,0.13,228,
533,car,0.13,231,
534,car,0.78,1,
534,car,0.23,208,
534,car,0.11,213,
534,car,0.44,48,
534,car,0.21,223,
534,car,0.16,228,
534,car,0.12,231,
535,car,0.73,1,
535,car,0.20,208,
535,car,0.12,213,
535,car,0.46,48,
535,car,0.21,223,
535,car,0.12,228,
535,car,0.12,231,
536,car,0.76,1,
536,car,0.23,208,
536,car,0.12,213,
536,car,0.46,48,
536,car,0.21,223,
536,car,0.13,228,
536,car,0.11,231,
537,car,0.74,1,
537,car,0.21,208,
537,car,0.12,213,
537,car,0.38,48,
537,car,0.22,223,
538,car,0.74,1,
538,car,0.25,208,
538,car,0.12,213,
538,car,0.40,48,
538,car,0.22,223,
539,car,0.74,1,
539,car,0.27,208,
539,car,0.10,213,
539,car,0.47,48,
539,car,0.21,223,
539,car,0.35,253,
540,car,0.74,1,
540,car,0.25,208,
540,car,0.47,48,
540,car,0.19,223,
540,car,0.38,253,
541,car,0.73,1,
541,car,0.25,208,
541,car,0.45,48,
541,car,0.16,223,
541,car,0.42,253,
542,car,0.74,1,
542,car,0.26,208,
542,car,0.47,48,
542,car,0.14,223,
542,car,0.38,253,
543,car,0.74,1,
543,car,0.25,208,
543,car,0.49,48,
543,car,0.14,223,
543,car,0.35,253,
544,car,0.72,1,
544,car,0.29,208,
544,car,0.50,48,
544,car,0.10,223,
544,car,0.50,253,
545,car,0.70,1,
545,car,0.32,208,
545,car,0.54,48,
545,car,0.12,223,
545,car,0.53,253,
546,car,0.73,1,
546,car,0.34,208,
546,car,0.50,48,
546,car,0.12,223,
546,car,0.58,253,
547,car,0.72,1,
547,car,0.39,208,
547,car,0.50,48,
547,car,0.10,223,
547,car,0.60,253,
548,car,0.75,1,
548,car,0.35,208,
548,car,0.54,48,
548,car,0.58,253,
549,car,0.75,1,
549,car,0.34,208,
549,car,0.54,48,
549,car,0.60,253,
550,car,0.75,1,
550,car,0.34,208,
550,car,0.52,48,
550,car,0.56,253,
551,car,0.78,1,
551,car,0.35,208,
551,car,0.47,48,
551,car,0.62,253,
552,car,0.78,1,
552,car,0.30,208,
552,car,0.45,48,
552,car,0.63,253,
553,car,0.75,1,
553,car,0.20,208,
553,car,0.44,48,
553,car,0.61,253,
554,car,0.77,1,
554,car,0.23,208,
554,car,0.45,48,
554,car,0.63,253,
555,car,0.78,1,
555,car,0.20,208,
555,car,0.46,48,
555,car,0.65,253,
556,car,0.74,1,
556,car,0.17,208,
556,car,0.47,48,
556,car,0.64,253,
557,car,0.77,1,
557,car,0.26,208,
557,car,0.46,48,
557,car,0.64,253,
558,car,0.68,1,
558,car,0.19,208,
558,car,0.46,48,
558,car,0.56,253,
559,car,0.69,1,
559,car,0.17,208,
559,car,0.43,48,
559,car,0.55,253,
560,car,0.70,1,
560,car,0.20,208,
560,car,0.43,48,
560,car,0.60,253,
561,car,0.76,1,
561,car,0.14,208,
561,car,0.49,48,
561,car,0.58,253,
562,car,0.76,1,
562,car,0.20,208,
562,car,0.51,48,
562,car,0.59,253,
563,car,0.75,1,
563,car,0.15,208,
563,car,0.50,48,
563,car,0.62,253,
564,car,0.74,1,
564,car,0.15,208,
564,car,0.40,48,
564,car,0.63,253,
565,car,0.70,1,
565,car,0.19,208,
565,car,0.41,48,
565,car,0.66,253,
566,car,0.74,1,
566,car,0.19,208,
566,car,0.38,48,
566,car,0.65,253,
567,car,0.72,1,
567,car,0.21,208,
567,car,0.40,48,
567,car,0.60,253,
568,car,0.71,1,
568,car,0.22,208,
568,car,0.45,48,
568,car,0.62,253,
569,car,0.72,1,
569,car,0.22,208,
569,car,0.36,48,
569,car,0.64,253,
570,car,0.70,1,
570,car,0.23,208,
570,car,0.42,48,
570,car,0.73,253,
571,car,0.69,1,
571,car,0.26,208,
571,car,0.39,48,
571,car,0.77,253,
572,car,0.72,1,
572,car,0.26,208,
572,car,0.40,48,
572,car,0.75,253,
573,car,0.71,1,
573,car,0.22,208,
573,car,0.32,48,
573,car,0.68,253,
574,car,0.71,1,
574,car,0.21,208,
574,car,0.35,48,
574,car,0.75,253,
575,car,0.69,1,
575,car,0.25,208,
575,car,0.40,48,
575,car,0.75,253,
576,car,0.70,1,
576,car,0.27,208,
576,car,0.40,48,
576,car,0.69,253,
577,car,0.70,1,
577,car,0.22,208,
577,car,0.45,48,
577,car,0.67,253,
578,car,0.72,1,
578,car,0.22,208,
578,car,0.46,48,
578,car,0.62,253,
579,car,0.72,1,
579,car,0.22,208,
579,car,0.45,48,
579,car,0.63,253,
580,car,0.74,1,
580,car,0.27,208,
580,car,0.41,48,
580,car,0.59,253,
581,car,0.73,1,
581,car,0.22,208,
581,car,0.41,48,
581,car,0.65,253,
582,car,0.71,1,
582,car,0.30,208,
582,car,0.42,48,
582,car,0.67,253,
583,car,0.72,1,
583,car,0.27,208,
583,car,0.41,48,
583,car,0.67,253,
584,car,0.70,1,
584,car,0.25,208,
584,car,0.41,48,
584,car,0.66,253,
585,car,0.66,1,
585,car,0.27,208,
585,car,0.39,48,
585,car,0.69,253,
586,car,0.68,1,
586,car,0.22,208,
586,car,0.36,48,
586,car,0.68,253,
587,car,0.67,1,
587,car,0.28,208,
587,car,0.37,48,
587,car,0.67,253,
588,car,0.68,1,
588,car,0.28,208,
588,car,0.38,48,
588,car,0.69,253,
588,car,0.33,270,
589,car,0.68,1,
589,car,0.27,208,
589,car,0.37,48,
589,car,0.69,253,
589,car,0.30,270,
590,car,0.64,1,
590,car,0.29,208,
590,car,0.36,48,
590,car,0.71,253,
590,car,0.33,270,
591,car,0.69,1,
591,car,0.26,208,
591,car,0.33,48,
591,car,0.69,253,
591,car,0.31,270,
592,car,0.68,1,
592,car,0.26,208,
592,car,0.43,48,
592,car,0.70,253,
592,car,0.28,270,
593,car,0.71,1,
593,car,0.26,208,
593,car,0.43,48,
593,car,0.69,253,
593,car,0.27,270,
594,car,0.71,1,
594,car,0.29,208,
594,car,0.41,48,
594,car,0.65,253,
594,car,0.30,270,
595,car,0.69,1,
595,car,0.14,208,
595,car,0.36,48,
595,car,0.64,253,
595,car,0.28,270,
596,car,0.69,1,
596,car,0.13,208,
596,car,0.32,48,
596,car,0.62,253,
596,car,0.27,270,
597,car,0.72,1,
597,car,0.18,208,
597,car,0.47,48,
597,car,0.67,253,
597,car,0.20,270,
598,car,0.69,1,
598,car,0.13,208,
598,car,0.37,48,
598,car,0.67,253,
598,car,0.20,270,
599,car,0.74,1,
599,car,0.13,208,
599,car,0.34,48,
599,car,0.68,253,
599,car,0.21,270,
600,car,0.73,1,
600,car,0.35,48,
600,car,0.68,253,
600,car,0.25,270,
601,car,0.69,1,
601,car,0.38,48,
601,car,0.69,253,
601,car,0.17,270,
602,car,0.71,1,
602,car,0.38,48,
602,car,0.72,253,
602,car,0.17,270,
603,car,0.74,1,
603,car,0.41,48,
603,car,0.75,253,
603,car,0.17,270,
603,car,0.34,281,
604,car,0.73,1,
604,car,0.42,48,
604,car,0.73,253,
604,car,0.19,270,
604,car,0.35,281,
605,car,0.73,1,
605,car,0.41,48,
605,car,0.74,253,
605,car,0.17,270,
605,car,0.37,281,
606,car,0.74,1,
606,car,0.45,48,
606,car,0.76,253,
606,car,0.15,270,
606,car,0.44,281,
607,car,0.76,1,
607,car,0.41,48,
607,car,0.81,253,
607,car,0.19,270,
607,car,0.43,281,
608,car,0.76,1,
608,car,0.43,48,
608,car,0.76,253,
608,car,0.17,270,
608,car,0.46,281,
609,car,0.76,1,
609,car,0.46,48,
609,car,0.79,253,
609,car,0.17,270,
609,car,0.53,281,
610,car,0.78,1,
610,car,0.50,48,
610,car,0.76,253,
610,car,0.15,270,
610,car,0.55,281,
611,car,0.77,1,
611,car,0.49,48,
611,car,0.74,253,
611,car,0.13,270,
611,car,0.55,281,
612,car,0.78,1,
612,car,0.49,48,
612,car,0.72,253,
612,car,0.13,270,
612,car,0.62,281,
613,car,0.76,1,
613,car,0.47,48,
613,car,0.73,253,
613,car,0.12,270,
613,car,0.65,281,
614,car,0.74,1,
614,car,0.48,48,
614,car,0.77,253,
614,car,0.11,270,
614,car,0.61,281,
615,car,0.75,1,
615,car,0.48,48,
615,car,0.82,253,
615,car,0.12,270,
615,car,0.65,281,
616,car,0.74,1,
616,car,0.47,48,
616,car,0.81,253,
616,car,0.12,270,
616,car,0.69,281,
617,car,0.74,1,
617,car,0.48,48,
617,car,0.78,253,
617,car,0.21,270,
617,car,0.73,281,
617,car,0.33,287,
618,car,0.74,1,
618,car,0.47,48,
618,car,0.80,253,
618,car,0.25,270,
618,car,0.74,281,
619,car,0.75,1,
619,car,0.46,48,
619,car,0.81,253,
619,car,0.31,270,
619,car,0.72,281,
620,car,0.76,1,
620,car,0.52,48,
620,car,0.79,253,
620,car,0.20,270,
620,car,0.74,281,
620,car,0.51,288,
621,car,0.75,1,
621,car,0.52,48,
621,car,0.83,253,
621,car,0.18,270,
621,car,0.73,281,
621,car,0.56,288,
622,car,0.76,1,
622,car,0.48,48,
622,car,0.83,253,
622,car,0.27,270,
622,car,0.72,281,
622,car,0.55,288,
623,car,0.71,1,
623,car,0.41,48,
623,car,0.80,253,
623,car,0.26,270,
623,car,0.68,281,
623,car,0.53,288,
624,car,0.69,1,
624,car,0.40,48,
624,car,0.79,253,
624,car,0.25,270,
624,car,0.66,281,
624,car,0.45,288,
625,car,0.72,1,
625,car,0.47,48,
625,car,0.77,253,
625,car,0.25,270,
625,car,0.64,281,
625,car,0.56,288,
625,car,0.35,291,
626,car,0.69,1,
626,car,0.44,48,
626,car,0.72,253,
626,car,0.24,270,
626,car,0.62,281,
626,car,0.52,288,
626,car,0.37,291,
627,car,0.73,1,
627,car,0.46,48,
627,car,0.76,253,
627,car,0.25,270,
627,car,0.64,281,
627,car,0.55,288,
627,car,0.41,291,
628,car,0.71,1,
628,car,0.45,48,
628,car,0.71,253,
628,car,0.30,270,
628,car,0.62,281,
628,car,0.49,288,
628,car,0.37,291,
629,car,0.74,1,
629,car,0.47,48,
629,car,0.72,253,
629,car,0.29,270,
629,car,0.63,281,
629,car,0.51,288,
629,car,0.31,291,
630,car,0.76,1,
630,car,0.53,48,
630,car,0.69,253,
630,car,0.25,270,
630,car,0.62,281,
630,car,0.45,288,
630,car,0.29,291,
631,car,0.74,1,
631,car,0.43,48,
631,car,0.72,253,
631,car,0.26,270,
631,car,0.65,281,
631,car,0.37,288,
631,car,0.17,291,
632,car,0.72,1,
632,car,0.38,48,
632,car,0.71,253,
632,car,0.28,270,
632,car,0.64,281,
632,car,0.38,288,
632,car,0.11,291,
632,car,0.33,295,
633,car,0.74,1,
633,car,0.37,48,
633,car,0.76,253,
633,car,0.18,270,
633,car,0.66,281,
633,car,0.32,288,
633,car,0.13,291,
633,car,0.29,295,
634,car,0.69,1,
634,car,0.37,48,
634,car,0.71,253,
634,car,0.19,270,
634,car,0.62,281,
634,car,0.24,288,
634,car,0.23,295,
635,car,0.73,1,
635,car,0.45,48,
635,car,0.73,253,
635,car,0.21,270,
635,car,0.59,281,
635,car,0.33,288,
635,car,0.29,295,
635,car,0.44,287,
636,car,0.72,1,
636,car,0.38,48,
636,car,0.82,253,
636,car,0.22,270,
636,car,0.57,281,
636,car,0.22,288,
636,car,0.24,295,
636,car,0.41,287,
637,car,0.65,1,
637,car,0.29,48,
637,car,0.75,253,
637,car,0.21,270,
637,car,0.58,281,
637,car,0.13,288,
637,car,0.17,295,
638,car,0.66,1,
638,car,0.34,48,
638,car,0.76,253,
638,car,0.21,270,
638,car,0.60,281,
638,car,0.19,288,
638,car,0.20,295,
638,car,0.40,287,
639,car,0.73,1,
639,car,0.44,48,
639,car,0.84,253,
639,car,0.23,270,
639,car,0.66,281,
639,car,0.19,288,
639,car,0.26,295,
640,car,0.74,1,
640,car,0.31,48,
640,car,0.84,253,
640,car,0.27,270,
640,car,0.64,281,
640,car,0.12,288,
640,car,0.30,295,
641,car,0.74,1,
641,car,0.32,48,
641,car,0.80,253,
641,car,0.27,270,
641,car,0.65,281,
641,car,0.18,288,
641,car,0.33,295,
642,car,0.68,1,
642,car,0.28,48,
642,car,0.71,253,
642,car,0.26,270,
642,car,0.63,281,
642,car,0.14,288,
642,car,0.26,295,
643,car,0.71,1,
643,car,0.33,48,
643,car,0.79,253,
643,car,0.22,270,
643,car,0.56,281,
643,car,0.15,288,
643,car,0.28,295,
644,car,0.70,1,
644,car,0.32,48,
644,car,0.75,253,
644,car,0.22,270,
644,car,0.54,281,
644,car,0.14,288,
644,car,0.29,295,
644,car,0.47,287,
645,car,0.66,1,
645,car,0.37,48,
645,car,0.61,253,
645,car,0.24,270,
645,car,0.57,281,
645,car,0.13,288,
645,car,0.24,295,
645,car,0.23,287,
646,car,0.69,1,
646,car,0.38,48,
646,car,0.79,253,
646,car,0.27,270,
646,car,0.61,281,
646,car,0.12,288,
646,car,0.22,295,
646,car,0.21,287,
647,car,0.70,1,
647,car,0.39,48,
647,car,0.77,253,
647,car,0.29,270,
647,car,0.61,281,
647,car,0.12,288,
647,car,0.18,295,
648,car,0.66,1,
648,car,0.40,48,
648,car,0.69,253,
648,car,0.27,270,
648,car,0.60,281,
648,car,0.14,295,
649,car,0.72,1,
649,car,0.40,48,
649,car,0.72,253,
649,car,0.28,270,
649,car,0.64,281,
649,car,0.23,295,
650,car,0.73,1,
650,car,0.33,48,
650,car,0.84,253,
650,car,0.30,270,
650,car,0.62,281,
650,car,0.20,295,
651,car,0.73,1,
651,car,0.32,48,
651,car,0.86,253,
651,car,0.22,270,
651,car,0.66,281,
651,car,0.12,295,
652,car,0.73,1,
652,car,0.36,48,
652,car,0.88,253,
652,car,0.24,270,
652,car,0.67,281,
653,car,0.71,1,
653,car,0.36,48,
653,car,0.88,253,
653,car,0.34,270,
653,car,0.68,281,
654,car,0.75,1,
654,car,0.33,48,
654,car,0.87,253,
654,car,0.43,270,
654,car,0.67,281,
655,car,0.70,1,
655,car,0.34,48,
655,car,0.89,253,
655,car,0.22,270,
655,car,0.68,281,
656,car,0.69,1,
656,car,0.37,48,
656,car,0.84,253,
656,car,0.16,270,
656,car,0.68,281,
657,car,0.70,1,
657,car,0.39,48,
657,car,0.85,253,
657,car,0.21,270,
657,car,0.65,281,
658,car,0.70,1,
658,car,0.38,48,
658,car,0.85,253,
658,car,0.29,270,
658,car,0.64,281,
659,car,0.67,1,
659,car,0.36,48,
659,car,0.89,253,
659,car,0.24,270,
659,car,0.67,281,
660,car,0.67,1,
660,car,0.44,48,
660,car,0.89,253,
660,car,0.17,270,
660,car,0.66,281,
661,car,0.70,1,
661,car,0.44,48,
661,car,0.90,253,
661,car,0.12,270,
661,car,0.64,281,
662,car,0.73,1,
662,car,0.44,48,
662,car,0.87,253,
662,car,0.11,270,
662,car,0.65,281,
663,car,0.74,1,
663,car,0.46,48,
663,car,0.86,253,
663,car,0.11,270,
663,car,0.69,281,
664,car,0.74,1,
664,car,0.43,48,
664,car,0.87,253,
664,car,0.16,270,
664,car,0.67,281,
665,car,0.75,1,
665,car,0.45,48,
665,car,0.87,253,
665,car,0.17,270,
665,car,0.76,281,
666,car,0.77,1,
666,car,0.41,48,
666,car,0.90,253,
666,car,0.16,270,
666,car,0.75,281,
667,car,0.77,1,
667,car,0.41,48,
667,car,0.89,253,
667,car,0.10,270,
667,car,0.73,281,
668,car,0.76,1,
668,car,0.35,48,
668,car,0.88,253,
668,car,0.12,270,
668,car,0.74,281,
669,car,0.73,1,
669,car,0.41,48,
669,car,0.89,253,
669,car,0.71,281,
670,car,0.72,1,
670,car,0.42,48,
670,car,0.91,253,
670,car,0.75,281,
671,car,0.74,1,
671,car,0.38,48,
671,car,0.91,253,
671,car,0.76,281,
672,car,0.72,1,
672,car,0.37,48,
672,car,0.91,253,
672,car,0.75,281,
672,car,0.35,298,
673,car,0.65,1,
673,car,0.34,48,
673,car,0.89,253,
673,car,0.72,281,
673,car,0.33,298,
674,car,0.70,1,
674,car,0.36,48,
674,car,0.90,253,
674,car,0.73,281,
674,car,0.35,298,
675,car,0.76,1,
675,car,0.41,48,
675,car,0.88,253,
675,car,0.77,281,
675,car,0.33,298,
676,car,0.76,1,
676,car,0.43,48,
676,car,0.89,253,
676,car,0.80,281,
676,car,0.32,298,
677,car,0.76,1,
677,car,0.44,48,
677,car,0.89,253,
677,car,0.79,281,
677,car,0.31,298,
678,car,0.76,1,
678,car,0.48,48,
678,car,0.90,253,
678,car,0.77,281,
678,car,0.44,298,
679,car,0.77,1,
679,car,0.49,48,
679,car,0.92,253,
679,car,0.79,281,
679,car,0.41,298,
680,car,0.77,1,
680,car,0.49,48,
680,car,0.91,253,
680,car,0.79,281,
680,car,0.38,298,
681,car,0.78,1,
681,car,0.47,48,
681,car,0.91,253,2303 H
681,car,0.79,281,
681,car,0.35,298,
682,car,0.77,1,
682,car,0.48,48,
682,car,0.92,253,
682,car,0.78,281,
682,car,0.39,298,
683,car,0.78,1,
683,car,0.44,48,
683,car,0.91,253,
683,car,0.78,281,
683,car,0.24,298,
684,car,0.76,1,
684,car,0.49,48,
684,car,0.91,253,
684,car,0.76,281,
684,car,0.27,298,
685,car,0.77,1,
685,car,0.49,48,
685,car,0.91,253,2203
685,car,0.81,281,
685,car,0.27,298,
686,car,0.77,1,
686,car,0.48,48,
686,car,0.92,253,
686,car,0.80,281,
686,car,0.28,298,
687,car,0.77,1,
687,car,0.47,48,
687,car,0.91,253,20N7
687,car,0.79,281,
687,car,0.27,298,
688,car,0.77,1,
688,car,0.49,48,
688,car,0.91,253,2303
688,car,0.80,281,
688,car,0.27,298,
689,car,0.80,1,
689,car,0.50,48,
689,car,0.91,253,2202HF
689,car,0.80,281,
689,car,0.26,298,
690,car,0.78,1,
690,car,0.46,48,
690,car,0.92,253,
690,car,0.79,281,
690,car,0.24,298,
691,car,0.78,1,
691,car,0.52,48,
691,car,0.93,253,
691,car,0.80,281,
691,car,0.29,298,
691,car,0.41,309,
692,car,0.80,1,
692,car,0.57,48,
692,car,0.93,253,
692,car,0.84,281,
692,car,0.32,298,
692,car,0.41,309,
693,car,0.78,1,
693,car,0.57,48,
693,car,0.92,253,
693,car,0.81,281,
693,car,0.29,298,
693,car,0.42,309,
694,car,0.77,1,
694,car,0.57,48,
694,car,0.93,253,
694,car,0.84,281,
694,car,0.20,298,
694,car,0.43,309,
695,car,0.78,1,
695,car,0.61,48,
695,car,0.93,253,
695,car,0.83,281,
695,car,0.19,298,
695,car,0.46,309,
695,car,0.35,317,
696,car,0.80,1,
696,car,0.58,48,
696,car,0.92,253,
696,car,0.86,281,
696,car,0.19,298,
696,car,0.51,309,
697,car,0.80,1,
697,car,0.58,48,
697,car,0.91,253,
697,car,0.85,281,
697,car,0.21,298,
697,car,0.47,309,
697,car,0.38,319,
697,car,0.37,320,
698,car,0.80,1,
698,car,0.56,48,
698,car,0.92,253,
698,car,0.84,281,
698,car,0.21,298,
698,car,0.42,309,
698,car,0.36,319,
698,car,0.34,320,
698,car,0.29,317,
699,car,0.80,1,
699,car,0.51,48,
699,car,0.90,253,
699,car,0.83,281,
699,car,0.22,298,
699,car,0.40,309,
699,car,0.32,320,
699,car,0.29,317,
700,car,0.79,1,
700,car,0.53,48,
700,car,0.90,253,
700,car,0.77,281,
700,car,0.20,298,
700,car,0.38,309,
700,car,0.34,320,
700,car,0.30,317,
701,car,0.80,1,
701,car,0.52,48,
701,car,0.89,253,
701,car,0.75,281,
701,car,0.21,298,
701,car,0.35,309,
701,car,0.39,320,
701,car,0.29,317,
702,car,0.80,1,
702,car,0.56,48,
702,car,0.89,253,
702,car,0.75,281,
702,car,0.19,298,
702,car,0.37,309,
702,car,0.49,320,
702,car,0.28,317,
703,car,0.81,1,
703,car,0.55,48,
703,car,0.88,253,
703,car,0.80,281,
703,car,0.17,298,
703,car,0.34,309,
703,car,0.49,320,
703,car,0.26,317,
704,car,0.81,1,
704,car,0.52,48,
704,car,0.89,253,
704,car,0.78,281,
704,car,0.17,298,
704,car,0.28,309,
704,car,0.42,320,
704,car,0.20,317,
705,car,0.81,1,
705,car,0.51,48,
705,car,0.87,253,
705,car,0.80,281,
705,car,0.15,298,
705,car,0.33,309,
705,car,0.51,320,
705,car,0.22,317,
706,car,0.81,1,
706,car,0.51,48,
706,car,0.88,253,
706,car,0.80,281,
706,car,0.13,298,
706,car,0.25,309,
706,car,0.49,320,
706,car,0.20,317,
707,car,0.82,1,
707,car,0.55,48,
707,car,0.70,253,
707,car,0.69,281,
707,car,0.16,298,
707,car,0.27,309,
707,car,0.53,320,
707,car,0.19,317,
708,car,0.84,1,
708,car,0.57,48,
708,car,0.83,253,
708,car,0.82,281,
708,car,0.17,298,
708,car,0.27,309,
708,car,0.62,320,
709,car,0.84,1,
709,car,0.55,48,
709,car,0.79,281,
709,car,0.18,298,
709,car,0.28,309,
709,car,0.62,320,
710,car,0.83,1,
710,car,0.58,48,
710,car,0.76,281,
710,car,0.19,298,
710,car,0.30,309,
710,car,0.61,320,
711,car,0.82,1,
711,car,0.60,48,
711,car,0.88,281,
711,car,0.20,298,
711,car,0.16,309,
711,car,0.63,320,
712,car,0.83,1,
712,car,0.62,48,
712,car,0.87,281,
712,car,0.17,298,
712,car,0.14,309,
712,car,0.65,320,
713,car,0.82,1,
713,car,0.56,48,
713,car,0.84,281,
713,car,0.17,298,
713,car,0.14,309,
713,car,0.63,320,
714,car,0.81,1,
714,car,0.63,48,
714,car,0.87,281,
714,car,0.16,298,
714,car,0.14,309,
714,car,0.68,320,
715,car,0.81,1,
715,car,0.59,48,
715,car,0.87,281,
715,car,0.13,298,
715,car,0.18,309,
715,car,0.68,320,
716,car,0.77,1,
716,car,0.54,48,
716,car,0.84,281,
716,car,0.15,298,
716,car,0.11,309,
716,car,0.68,320,
717,car,0.81,1,
717,car,0.57,48,
717,car,0.83,281,
717,car,0.11,298,
717,car,0.13,309,
717,car,0.67,320,
718,car,0.81,1,
718,car,0.57,48,
718,car,0.86,281,
718,car,0.14,309,
718,car,0.68,320,
719,car,0.85,1,
719,car,0.55,48,
719,car,0.86,281,
719,car,0.18,309,
719,car,0.77,320,
720,car,0.85,1,
720,car,0.61,48,
720,car,0.87,281,
720,car,0.12,309,
720,car,0.77,320,
721,car,0.85,1,
721,car,0.57,48,
721,car,0.88,281,
721,car,0.78,320,
722,car,0.84,1,
722,car,0.54,48,
722,car,0.87,281,
722,car,0.73,320,
722,car,0.32,338,
723,car,0.84,1,
723,car,0.55,48,
723,car,0.88,281,
723,car,0.74,320,
723,car,0.31,338,
724,car,0.82,1,
724,car,0.53,48,
724,car,0.86,281,
724,car,0.71,320,
724,car,0.35,338,
725,car,0.83,1,
725,car,0.52,48,
725,car,0.86,281,
725,car,0.70,320,
725,car,0.32,338,
726,car,0.82,1,
726,car,0.47,48,
726,car,0.87,281,
726,car,0.68,320,
726,car,0.34,338,
727,car,0.81,1,
727,car,0.52,48,
727,car,0.74,281,
727,car,0.65,320,
727,car,0.26,338,
728,car,0.82,1,
728,car,0.52,48,
728,car,0.66,281,
728,car,0.65,320,
728,car,0.27,338,
729,car,0.83,1,
729,car,0.55,48,
729,car,0.87,281,
729,car,0.67,320,
729,car,0.20,338,
730,car,0.84,1,
730,car,0.45,48,
730,car,0.85,281,
730,car,0.57,320,
730,car,0.22,338,
731,car,0.84,1,
731,car,0.36,48,
731,car,0.82,281,
731,car,0.56,320,
731,car,0.23,338,
732,car,0.84,1,
732,car,0.33,48,
732,car,0.88,281,
732,car,0.55,320,
732,car,0.19,338,
733,car,0.83,1,
733,car,0.36,48,
733,car,0.88,281,
733,car,0.67,320,
733,car,0.23,338,
734,car,0.83,1,
734,car,0.37,48,
734,car,0.87,281,
734,car,0.73,320,
734,car,0.19,338,
735,car,0.84,1,
735,car,0.49,48,
735,car,0.89,281,
735,car,0.71,320,
735,car,0.20,338,
736,car,0.85,1,
736,car,0.50,48,
736,car,0.89,281,
736,car,0.74,320,
736,car,0.22,338,
737,car,0.85,1,
737,car,0.54,48,
737,car,0.89,281,
737,car,0.77,320,
737,car,0.17,338,
738,car,0.86,1,
738,car,0.46,48,
738,car,0.88,281,
738,car,0.74,320,
738,car,0.19,338,
739,car,0.86,1,
739,car,0.45,48,
739,car,0.89,281,
739,car,0.72,320,
739,car,0.20,338,
740,car,0.85,1,
740,car,0.51,48,
740,car,0.90,281,
740,car,0.74,320,
740,car,0.18,338,
741,car,0.84,1,
741,car,0.55,48,
741,car,0.89,281,
741,car,0.72,320,
741,car,0.22,338,
742,car,0.83,1,
742,car,0.53,48,
742,car,0.91,281,
742,car,0.69,320,
742,car,0.24,338,
743,car,0.84,1,
743,car,0.59,48,
743,car,0.90,281,
743,car,0.75,320,
743,car,0.22,338,
743,car,0.36,341,
744,car,0.82,1,
744,car,0.56,48,
744,car,0.90,281,
744,car,0.76,320,
744,car,0.27,338,
744,car,0.35,341,
745,car,0.81,1,
745,car,0.51,48,
745,car,0.90,281,
745,car,0.76,320,
745,car,0.26,338,
745,car,0.33,341,
746,car,0.82,1,
746,car,0.53,48,
746,car,0.90,281,
746,car,0.80,320,
746,car,0.23,338,
746,car,0.33,341,
747,car,0.82,1,
747,car,0.59,48,
747,car,0.89,281,
747,car,0.80,320,
747,car,0.20,338,
747,car,0.43,341,
748,car,0.81,1,
748,car,0.62,48,
748,car,0.90,281,
748,car,0.78,320,
748,car,0.17,338,
749,car,0.81,1,
749,car,0.57,48,
749,car,0.90,281,
749,car,0.76,320,
749,car,0.19,338,
750,car,0.82,1,
750,car,0.56,48,
750,car,0.91,281,
750,car,0.77,320,
750,car,0.16,338,
751,car,0.82,1,
751,car,0.53,48,
751,car,0.92,281,
751,car,0.77,320,
751,car,0.24,338,
752,car,0.81,1,
752,car,0.62,48,
752,car,0.92,281,
752,car,0.77,320,
752,car,0.25,338,
753,car,0.80,1,
753,car,0.57,48,
753,car,0.91,281,
753,car,0.73,320,
753,car,0.22,338,
754,car,0.81,1,
754,car,0.59,48,
754,car,0.90,281,
754,car,0.78,320,
754,car,0.15,338,
755,car,0.81,1,
755,car,0.55,48,
755,car,0.92,281,
755,car,0.80,320,
755,car,0.12,338,
756,car,0.79,1,
756,car,0.50,48,
756,car,0.91,281,
756,car,0.76,320,
756,car,0.16,338,
757,car,0.79,1,
757,car,0.53,48,
757,car,0.90,281,
757,car,0.77,320,
757,car,0.21,338,
758,car,0.74,1,
758,car,0.51,48,
758,car,0.92,281,
758,car,0.76,320,
758,car,0.14,338,
759,car,0.76,1,
759,car,0.55,48,
759,car,0.91,281,
759,car,0.78,320,
759,car,0.14,338,
760,car,0.77,1,
760,car,0.51,48,
760,car,0.92,281,
760,car,0.80,320,
760,car,0.18,338,
761,car,0.76,1,
761,car,0.55,48,
761,car,0.92,281,
761,car,0.77,320,
761,car,0.19,338,
762,car,0.76,1,
762,car,0.54,48,
762,car,0.93,281,
762,car,0.70,320,
762,car,0.23,338,
763,car,0.77,1,
763,car,0.50,48,
763,car,0.92,281,
763,car,0.73,320,
763,car,0.26,338,
764,car,0.79,1,
764,car,0.52,48,
764,car,0.93,281,
764,car,0.78,320,
764,car,0.22,338,
765,car,0.78,1,
765,car,0.53,48,
765,car,0.93,281,
765,car,0.77,320,
765,car,0.19,338,
766,car,0.78,1,
766,car,0.52,48,
766,car,0.94,281,
766,car,0.78,320,
766,car,0.18,338,
767,car,0.78,1,
767,car,0.50,48,
767,car,0.94,281,
767,car,0.78,320,
767,car,0.17,338,
768,car,0.79,1,
768,car,0.54,48,
768,car,0.92,281,
768,car,0.76,320,
768,car,0.15,338,
769,car,0.76,1,
769,car,0.50,48,
769,car,0.92,281,
769,car,0.79,320,
769,car,0.15,338,
770,car,0.78,1,
770,car,0.50,48,
770,car,0.92,281,
770,car,0.80,320,
770,car,0.13,338,
771,car,0.77,1,
771,car,0.47,48,
771,car,0.92,281,
771,car,0.81,320,
771,car,0.15,338,
772,car,0.76,1,
772,car,0.50,48,
772,car,0.91,281,
772,car,0.82,320,
772,car,0.21,338,
773,car,0.77,1,
773,car,0.45,48,
773,car,0.90,281,
773,car,0.84,320,
773,car,0.10,338,
774,car,0.78,1,
774,car,0.39,48,
774,car,0.84,281,
774,car,0.83,320,
774,car,0.10,338,
775,car,0.80,1,
775,car,0.43,48,
775,car,0.84,281,
775,car,0.77,320,
775,car,0.11,338,
775,car,0.34,365,
776,car,0.79,1,
776,car,0.48,48,
776,car,0.78,320,
776,car,0.19,338,
776,car,0.34,365,
777,car,0.78,1,
777,car,0.44,48,
777,car,0.79,320,
777,car,0.16,338,
777,car,0.40,365,
778,car,0.79,1,
778,car,0.45,48,
778,car,0.81,320,
778,car,0.12,338,
778,car,0.38,365,
779,car,0.78,1,
779,car,0.41,48,
779,car,0.82,320,
779,car,0.10,338,
779,car,0.30,365,
780,car,0.77,1,
780,car,0.56,48,
780,car,0.77,320,
780,car,0.20,338,
780,car,0.30,365,
780,car,0.37,372,
781,car,0.76,1,
781,car,0.56,48,
781,car,0.77,320,
781,car,0.20,338,
781,car,0.49,372,
782,car,0.78,1,
782,car,0.53,48,
782,car,0.85,320,
782,car,0.22,338,
782,car,0.47,372,
783,car,0.79,1,
783,car,0.45,48,
783,car,0.88,320,
783,car,0.21,338,
783,car,0.42,372,
784,car,0.78,1,
784,car,0.38,48,
784,car,0.81,320,
784,car,0.17,338,
784,car,0.40,372,
785,car,0.78,1,
785,car,0.41,48,
785,car,0.77,320,
785,car,0.16,338,
785,car,0.39,372,
786,car,0.78,1,
786,car,0.43,48,
786,car,0.73,320,
786,car,0.15,338,
786,car,0.33,372,
787,car,0.79,1,
787,car,0.37,48,
787,car,0.81,320,
787,car,0.11,338,
787,car,0.24,372,
788,car,0.78,1,
788,car,0.36,48,
788,car,0.77,320,
788,car,0.22,372,
789,car,0.83,1,
789,car,0.38,48,
789,car,0.83,320,
789,car,0.23,372,
790,car,0.84,1,
790,car,0.46,48,
790,car,0.83,320,
790,car,0.23,372,
791,car,0.84,1,
791,car,0.43,48,
791,car,0.82,320,
791,car,0.17,372,
792,car,0.84,1,
792,car,0.43,48,
792,car,0.89,320,
792,car,0.17,372,
793,car,0.83,1,
793,car,0.46,48,
793,car,0.92,320,
793,car,0.11,372,
794,car,0.79,1,
794,car,0.45,48,
794,car,0.89,320,
795,car,0.83,1,
795,car,0.43,48,
795,car,0.86,320,
796,car,0.83,1,
796,car,0.41,48,
796,car,0.81,320,
797,car,0.81,1,
797,car,0.34,48,
797,car,0.85,320,
798,car,0.83,1,
798,car,0.34,48,
798,car,0.85,320,
799,car,0.84,1,
799,car,0.36,48,
799,car,0.82,320,
800,car,0.83,1,
800,car,0.36,48,
800,car,0.75,320,
801,car,0.82,1,
801,car,0.40,48,
801,car,0.85,320,
802,car,0.83,1,
802,car,0.46,48,
802,car,0.87,320,
803,car,0.82,1,
803,car,0.43,48,
803,car,0.86,320,
804,car,0.82,1,
804,car,0.45,48,
804,car,0.86,320,
805,car,0.82,1,
805,car,0.41,48,
805,car,0.87,320,
806,car,0.79,1,
806,car,0.40,48,
806,car,0.81,320,
807,car,0.79,1,
807,car,0.42,48,
807,car,0.84,320,
808,car,0.78,1,
808,car,0.36,48,
808,car,0.85,320,
809,car,0.77,1,
809,car,0.37,48,
809,car,0.89,320,
810,car,0.80,1,
810,car,0.45,48,
810,car,0.90,320,
811,car,0.78,1,
811,car,0.39,48,
811,car,0.87,320,
812,car,0.75,1,
812,car,0.39,48,
812,car,0.83,320,
812,car,0.36,379,
813,car,0.77,1,
813,car,0.38,48,
813,car,0.84,320,
813,car,0.38,379,
814,car,0.73,1,
814,car,0.35,48,
814,car,0.89,320,
814,car,0.16,379,
815,car,0.76,1,
815,car,0.32,48,
815,car,0.90,320,
815,car,0.32,379,
816,car,0.78,1,
816,car,0.21,48,
816,car,0.90,320,
816,car,0.25,379,
817,car,0.80,1,
817,car,0.31,48,
817,car,0.89,320,
818,car,0.78,1,
818,car,0.31,48,
818,car,0.90,320,
818,car,0.30,379,
819,car,0.78,1,
819,car,0.27,48,
819,car,0.88,320,
819,car,0.29,379,
820,car,0.77,1,
820,car,0.26,48,
820,car,0.82,320,
820,car,0.29,379,
820,car,0.33,398,
821,car,0.77,1,
821,car,0.12,48,
821,car,0.82,320,
821,car,0.15,379,
821,car,0.31,398,
822,car,0.79,1,
822,car,0.27,48,
822,car,0.87,320,
822,car,0.33,398,
823,car,0.78,1,
823,car,0.28,48,
823,car,0.82,320,
823,car,0.34,398,
824,car,0.76,1,
824,car,0.22,48,
824,car,0.86,320,
824,car,0.27,398,
825,car,0.78,1,
825,car,0.21,48,
825,car,0.88,320,
825,car,0.31,398,
826,car,0.77,1,
826,car,0.27,48,
826,car,0.89,320,
826,car,0.32,398,
827,car,0.77,1,
827,car,0.27,48,
827,car,0.90,320,
827,car,0.33,398,
828,car,0.76,1,
828,car,0.27,48,
828,car,0.89,320,
828,car,0.27,398,
829,car,0.74,1,
829,car,0.20,48,
829,car,0.90,320,
829,car,0.23,398,
830,car,0.74,1,
830,car,0.23,48,
830,car,0.91,320,
830,car,0.22,398,
831,car,0.76,1,
831,car,0.18,48,
831,car,0.91,320,
831,car,0.24,398,
832,car,0.78,1,
832,car,0.14,48,
832,car,0.91,320,
832,car,0.24,398,
833,car,0.78,1,
833,car,0.16,48,
833,car,0.90,320,
833,car,0.21,398,
834,car,0.79,1,
834,car,0.18,48,
834,car,0.91,320,
834,car,0.23,398,
835,car,0.78,1,
835,car,0.19,48,
835,car,0.91,320,
835,car,0.25,398,
836,car,0.78,1,
836,car,0.16,48,
836,car,0.91,320,
836,car,0.27,398,
837,car,0.78,1,
837,car,0.22,48,
837,car,0.92,320,
837,car,0.23,398,
838,car,0.78,1,
838,car,0.17,48,
838,car,0.93,320,
838,car,0.19,398,
839,car,0.77,1,
839,car,0.13,48,
839,car,0.93,320,
839,car,0.19,398,
840,car,0.78,1,
840,car,0.13,48,
840,car,0.93,320,
840,car,0.19,398,
841,car,0.78,1,
841,car,0.11,48,
841,car,0.93,320,
841,car,0.21,398,
842,car,0.77,1,
842,car,0.91,320,
842,car,0.18,398,
843,car,0.76,1,
843,car,0.92,320,
844,car,0.77,1,
844,car,0.92,320,
845,car,0.77,1,
845,car,0.87,320,
846,car,0.77,1,
846,car,0.88,320,
847,car,0.76,1,
847,car,0.89,320,
848,car,0.75,1,
848,car,0.90,320,
849,car,0.74,1,
849,car,0.92,320,
850,car,0.76,1,
850,car,0.91,320,
851,car,0.76,1,
851,car,0.88,320,
852,car,0.75,1,
852,car,0.89,320,
853,car,0.78,1,
853,car,0.59,320,
854,car,0.76,1,
855,car,0.73,1,
855,car,0.47,405,
856,car,0.68,1,
856,car,0.33,405,
857,car,0.69,1,
857,car,0.16,405,
858,car,0.80,1,
858,car,0.17,405,
858,car,0.65,406,
859,car,0.74,1,
859,car,0.10,405,
859,car,0.22,406,
860,car,0.78,1,
860,car,0.10,405,
860,car,0.47,406,
861,car,0.80,1,
861,car,0.53,406,
862,car,0.81,1,
862,car,0.51,406,
862,car,0.55,405,
863,car,0.73,1,
863,car,0.64,406,
864,car,0.79,1,
864,car,0.67,406,
865,car,0.59,1,
865,car,0.41,406,
866,car,0.85,1,
866,car,0.30,406,
867,car,0.77,1,
867,car,0.54,406,
868,car,0.78,1,
868,car,0.31,406,
869,car,0.79,1,
869,car,0.39,406,
870,car,0.80,1,
870,car,0.48,406,
871,car,0.71,1,
871,car,0.32,406,
872,car,0.65,1,
872,car,0.29,406,
873,car,0.77,1,
874,car,0.76,1,
874,car,0.28,406,
875,car,0.74,1,
875,car,0.26,406,
